Workbook
Name A_SETT: Assenze!$A$5:$A$204
Name A_PERS: Assenze!$C$5:$C$204
Name A_TIPO: Assenze!$D$5:$D$204
Name A_DATA: Assenze!$E$5:$E$204
Name PARTECIPANTI: Partecipanti!$B$5:$B$9

Sheet Regole
A1: SERVIZIO DI TURNAZIONE AUTO
A2: Trinitapoli → Foggia → Trinitapoli · Regolamento e istruzioni d'uso
A5: 1. DATI DEL SERVIZIO
B6: Tratta | C6: Trinitapoli → Foggia → Trinitapoli
B7: Frequenza | C7: 5 giorni a settimana, dal lunedì al venerdì
B8: Partecipanti | C8: Nicola, Stefano, Rocco, Giuseppe, Savino
B9: Periodo coperto | C9: 28/09/2026 – 25/12/2026 (13 settimane)
B10: Ordine base di turnazione | C10: Lunedì: Nicola · Martedì: Stefano · Mercoledì: Rocco · Giovedì: Giuseppe · Venerdì: Savino
A12: 2. REGOLE DI GESTIONE DEI TURNI
B13: R1 – Licenza settimana intera | C13: Chi è in licenza per l'intera settimana NON deve recuperare il turno perso. Il turno viene coperto da un sostituto e si considera chiuso.
B14: R2 – Attività esterna settimana intera | C14: Chi è in attività esterna per l'intera settimana NON deve recuperare il turno perso. Vale la stessa regola della licenza.
B15: R3 – Assenza per altro motivo | C15: Qualunque mancata presa della macchina per motivi diversi da R1 e R2 genera un turno da recuperare nella settimana successiva.
B16: R4 – Scelta del sostituto | C16: Il giorno scoperto viene assegnato a chi ha accumulato finora il minor numero di doppi turni. A parità, si scorre l'ordine base a partire dal collega successivo all'assente. Così il doppio turno cade sempre su una turnazione diversa dalla prima e non ricade mai due volte di seguito sulla stessa persona.
B17: R5 – Modalità del recupero (solo R3) | C17: Nella settimana successiva chi ha saltato il turno guida due volte: il proprio giorno più il giorno di chi lo aveva sostituito. Il sostituto, quella settimana, è a riposo compensativo. Il bilancio dei turni torna in pari.
B18: R6 – Comunicazione del giovedì | C18: Entro il giovedì di ogni settimana vanno comunicate a tutti le posizioni della settimana successiva. Usare il foglio «Comunicazione Giovedì»: contiene il prospetto e il testo già pronto da inviare.
B19: R7 – Recupero non effettuabile | C19: Se chi deve recuperare è a sua volta assente nella settimana del recupero, il recupero non si perde: resta contabilizzato nel foglio «Riepilogo» alla voce «Recuperi da saldare».
A21: 3. COME SI USA IL FILE
B22: Foglio da compilare | C22: Solo «Assenze». Tutti gli altri fogli si aggiornano da soli.
B23: Come inserire un'assenza | C23: Una riga per ogni assenza: numero della settimana, nome, tipo di assenza dal menù a tendina e — solo per «Altro motivo» — la data del giorno saltato.
B24: Assenza di settimana intera | C24: Basta indicare settimana, nome e tipo: la data va lasciata vuota, la regola copre tutti e cinque i giorni.
B25: Dove si leggono i risultati | C25: «Turnazione» = calendario completo · «Comunicazione Giovedì» = prospetto da inviare · «Riepilogo» = conteggi e recuperi per persona.
B26: Colonne modificabili a mano | C26: Le celle su sfondo giallo. Tutte le altre contengono formule: non sovrascriverle.
A28: 4. LEGENDA DEI TIPI DI TURNO
B29: Ordinario | C29: Il turno si svolge secondo l'ordine base.
B30: Sostituzione (doppio turno) | C30: Il titolare è assente: guida un collega, che quella settimana prende la macchina due volte.
B31: Recupero | C31: Turno restituito da chi aveva saltato per motivo non giustificato; il collega che lo aveva sostituito è a riposo compensativo.
B32: DA ASSEGNARE | C32: Nessun sostituto disponibile in automatico (troppe assenze contemporanee): va deciso manualmente.

Sheet Partecipanti
A1: PARTECIPANTI E ORDINE BASE
A2: Trinitapoli → Foggia → Trinitapoli
A4: N. | B4: Nome | C4: Giorno base | D4: Tratta | E4: Note
A5: 1 | B5: Nicola | C5: Lunedì | D5: Trinitapoli → Foggia → Trinitapoli
A6: 2 | B6: Stefano | C6: Martedì | D6: Trinitapoli → Foggia → Trinitapoli
A7: 3 | B7: Rocco | C7: Mercoledì | D7: Trinitapoli → Foggia → Trinitapoli
A8: 4 | B8: Giuseppe | C8: Giovedì | D8: Trinitapoli → Foggia → Trinitapoli
A9: 5 | B9: Savino | C9: Venerdì | D9: Trinitapoli → Foggia → Trinitapoli
B11: Per cambiare un nominativo modificare la cella in colonna B: l'intero calendario si aggiorna automaticamente.

Sheet Assenze
A1: ASSENZE E IMPEDIMENTI
A2: Unico foglio da compilare a mano · le celle gialle sono editabili
A4: Settimana | B4: Periodo della settimana | C4: Persona | D4: Tipo di assenza | E4: Data (solo per «Altro motivo») | F4: Turno da recuperare? | G4: Note
B5: =IF($A5="","",TEXT(Calcoli!$AB$6+($A5-1)*7,"dd/mm/yyyy")&" - "&TEXT(Calcoli!$AB$6+($A5-1)*7+4,"dd/mm/yyyy")) | F5: =IF($D5="","",IF(OR($D5="Licenza - settimana intera",$D5="Attività esterna - settimana intera"),"NO - non recuperabile","SI - settimana successiva"))
B6: =IF($A6="","",TEXT(Calcoli!$AB$6+($A6-1)*7,"dd/mm/yyyy")&" - "&TEXT(Calcoli!$AB$6+($A6-1)*7+4,"dd/mm/yyyy")) | F6: =IF($D6="","",IF(OR($D6="Licenza - settimana intera",$D6="Attività esterna - settimana intera"),"NO - non recuperabile","SI - settimana successiva"))
B7: =IF($A7="","",TEXT(Calcoli!$AB$6+($A7-1)*7,"dd/mm/yyyy")&" - "&TEXT(Calcoli!$AB$6+($A7-1)*7+4,"dd/mm/yyyy")) | F7: =IF($D7="","",IF(OR($D7="Licenza - settimana intera",$D7="Attività esterna - settimana intera"),"NO - non recuperabile","SI - settimana successiva"))
B8: =IF($A8="","",TEXT(Calcoli!$AB$6+($A8-1)*7,"dd/mm/yyyy")&" - "&TEXT(Calcoli!$AB$6+($A8-1)*7+4,"dd/mm/yyyy")) | F8: =IF($D8="","",IF(OR($D8="Licenza - settimana intera",$D8="Attività esterna - settimana intera"),"NO - non recuperabile","SI - settimana successiva"))
B9: =IF($A9="","",TEXT(Calcoli!$AB$6+($A9-1)*7,"dd/mm/yyyy")&" - "&TEXT(Calcoli!$AB$6+($A9-1)*7+4,"dd/mm/yyyy")) | F9: =IF($D9="","",IF(OR($D9="Licenza - settimana intera",$D9="Attività esterna - settimana intera"),"NO - non recuperabile","SI - settimana successiva"))
B10: =IF($A10="","",TEXT(Calcoli!$AB$6+($A10-1)*7,"dd/mm/yyyy")&" - "&TEXT(Calcoli!$AB$6+($A10-1)*7+4,"dd/mm/yyyy")) | F10: =IF($D10="","",IF(OR($D10="Licenza - settimana intera",$D10="Attività esterna - settimana intera"),"NO - non recuperabile","SI - settimana successiva"))
B11: =IF($A11="","",TEXT(Calcoli!$AB$6+($A11-1)*7,"dd/mm/yyyy")&" - "&TEXT(Calcoli!$AB$6+($A11-1)*7+4,"dd/mm/yyyy")) | F11: =IF($D11="","",IF(OR($D11="Licenza - settimana intera",$D11="Attività esterna - settimana intera"),"NO - non recuperabile","SI - settimana successiva"))
B12: =IF($A12="","",TEXT(Calcoli!$AB$6+($A12-1)*7,"dd/mm/yyyy")&" - "&TEXT(Calcoli!$AB$6+($A12-1)*7+4,"dd/mm/yyyy")) | F12: =IF($D12="","",IF(OR($D12="Licenza - settimana intera",$D12="Attività esterna - settimana intera"),"NO - non recuperabile","SI - settimana successiva"))
B13: =IF($A13="","",TEXT(Calcoli!$AB$6+($A13-1)*7,"dd/mm/yyyy")&" - "&TEXT(Calcoli!$AB$6+($A13-1)*7+4,"dd/mm/yyyy")) | F13: =IF($D13="","",IF(OR($D13="Licenza - settimana intera",$D13="Attività esterna - settimana intera"),"NO - non recuperabile","SI - settimana successiva"))
B14: =IF($A14="","",TEXT(Calcoli!$AB$6+($A14-1)*7,"dd/mm/yyyy")&" - "&TEXT(Calcoli!$AB$6+($A14-1)*7+4,"dd/mm/yyyy")) | F14: =IF($D14="","",IF(OR($D14="Licenza - settimana intera",$D14="Attività esterna - settimana intera"),"NO - non recuperabile","SI - settimana successiva"))
B15: =IF($A15="","",TEXT(Calcoli!$AB$6+($A15-1)*7,"dd/mm/yyyy")&" - "&TEXT(Calcoli!$AB$6+($A15-1)*7+4,"dd/mm/yyyy")) | F15: =IF($D15="","",IF(OR($D15="Licenza - settimana intera",$D15="Attività esterna - settimana intera"),"NO - non recuperabile","SI - settimana successiva"))
B16: =IF($A16="","",TEXT(Calcoli!$AB$6+($A16-1)*7,"dd/mm/yyyy")&" - "&TEXT(Calcoli!$AB$6+($A16-1)*7+4,"dd/mm/yyyy")) | F16: =IF($D16="","",IF(OR($D16="Licenza - settimana intera",$D16="Attività esterna - settimana intera"),"NO - non recuperabile","SI - settimana successiva"))
... B204: =IF($A204="","",TEXT(Calcoli!$AB$6+($A204-1)*7,"dd/mm/yyyy")&" - "&TEXT(Calcoli!$AB$6+($A204-1)*7+4,"dd/mm/yyyy")) | F204: =IF($D204="","",IF(OR($D204="Licenza - settimana intera",$D204="Attività esterna - settimana intera"),"NO - non recuperabile","SI - settimana successiva"))

Sheet Turnazione
A1: CALENDARIO DELLA TURNAZIONE
A2: Trinitapoli → Foggia → Trinitapoli · 28/09/2026 – 25/12/2026 · calcolo automatico dal foglio «Assenze»
A3: Le colonne da D a I sono calcolate automaticamente. Compilare a mano solo la colonna «Note».
A5: Sett. | B5: Data | C5: Giorno | D5: Turno previsto | E5: Stato del titolare | F5: Conducente effettivo | G5: Tipo di turno | H5: Non guida (a riposo) | I5: Motivo della variazione | J5: Note
A6: 1 | B6: =Calcoli!$B6 | C6: Lunedì | D6: =Calcoli!$C6 | E6: =IF(Calcoli!$E6=0,"Presente",Calcoli!$D6) | F6: =Calcoli!$U6 | G6: =Calcoli!$V6 | H6: =Calcoli!$W6 | I6: =Calcoli!$X6
A7: 1 | B7: =Calcoli!$B7 | C7: Martedì | D7: =Calcoli!$C7 | E7: =IF(Calcoli!$E7=0,"Presente",Calcoli!$D7) | F7: =Calcoli!$U7 | G7: =Calcoli!$V7 | H7: =Calcoli!$W7 | I7: =Calcoli!$X7
A8: 1 | B8: =Calcoli!$B8 | C8: Mercoledì | D8: =Calcoli!$C8 | E8: =IF(Calcoli!$E8=0,"Presente",Calcoli!$D8) | F8: =Calcoli!$U8 | G8: =Calcoli!$V8 | H8: =Calcoli!$W8 | I8: =Calcoli!$X8
A9: 1 | B9: =Calcoli!$B9 | C9: Giovedì | D9: =Calcoli!$C9 | E9: =IF(Calcoli!$E9=0,"Presente",Calcoli!$D9) | F9: =Calcoli!$U9 | G9: =Calcoli!$V9 | H9: =Calcoli!$W9 | I9: =Calcoli!$X9
A10: 1 | B10: =Calcoli!$B10 | C10: Venerdì | D10: =Calcoli!$C10 | E10: =IF(Calcoli!$E10=0,"Presente",Calcoli!$D10) | F10: =Calcoli!$U10 | G10: =Calcoli!$V10 | H10: =Calcoli!$W10 | I10: =Calcoli!$X10
A11: 2 | B11: =Calcoli!$B11 | C11: Lunedì | D11: =Calcoli!$C11 | E11: =IF(Calcoli!$E11=0,"Presente",Calcoli!$D11) | F11: =Calcoli!$U11 | G11: =Calcoli!$V11 | H11: =Calcoli!$W11 | I11: =Calcoli!$X11
A12: 2 | B12: =Calcoli!$B12 | C12: Martedì | D12: =Calcoli!$C12 | E12: =IF(Calcoli!$E12=0,"Presente",Calcoli!$D12) | F12: =Calcoli!$U12 | G12: =Calcoli!$V12 | H12: =Calcoli!$W12 | I12: =Calcoli!$X12
A13: 2 | B13: =Calcoli!$B13 | C13: Mercoledì | D13: =Calcoli!$C13 | E13: =IF(Calcoli!$E13=0,"Presente",Calcoli!$D13) | F13: =Calcoli!$U13 | G13: =Calcoli!$V13 | H13: =Calcoli!$W13 | I13: =Calcoli!$X13
A14: 2 | B14: =Calcoli!$B14 | C14: Giovedì | D14: =Calcoli!$C14 | E14: =IF(Calcoli!$E14=0,"Presente",Calcoli!$D14) | F14: =Calcoli!$U14 | G14: =Calcoli!$V14 | H14: =Calcoli!$W14 | I14: =Calcoli!$X14
A15: 2 | B15: =Calcoli!$B15 | C15: Venerdì | D15: =Calcoli!$C15 | E15: =IF(Calcoli!$E15=0,"Presente",Calcoli!$D15) | F15: =Calcoli!$U15 | G15: =Calcoli!$V15 | H15: =Calcoli!$W15 | I15: =Calcoli!$X15
A16: 3 | B16: =Calcoli!$B16 | C16: Lunedì | D16: =Calcoli!$C16 | E16: =IF(Calcoli!$E16=0,"Presente",Calcoli!$D16) | F16: =Calcoli!$U16 | G16: =Calcoli!$V16 | H16: =Calcoli!$W16 | I16: =Calcoli!$X16
A17: 3 | B17: =Calcoli!$B17 | C17: Martedì | D17: =Calcoli!$C17 | E17: =IF(Calcoli!$E17=0,"Presente",Calcoli!$D17) | F17: =Calcoli!$U17 | G17: =Calcoli!$V17 | H17: =Calcoli!$W17 | I17: =Calcoli!$X17
... A70: 13 | B70: =Calcoli!$B70 | C70: Venerdì | D70: =Calcoli!$C70 | E70: =IF(Calcoli!$E70=0,"Presente",Calcoli!$D70) | F70: =Calcoli!$U70 | G70: =Calcoli!$V70 | H70: =Calcoli!$W70 | I70: =Calcoli!$X70

Sheet Comunicazione Giovedì
A1: COMUNICAZIONE DEL GIOVEDÌ
A2: Prospetto delle posizioni della settimana selezionata, da inviare ai partecipanti
B4: Settimana da comunicare (n.) | C4: 1
B5: Periodo della settimana | C5: =TEXT(INDEX(Turnazione!$B$6:$B$70,($C$4-1)*5+1),"dd/mm/yyyy")&" - "&TEXT(INDEX(Turnazione!$B$6:$B$70,($C$4-1)*5+5),"dd/mm/yyyy")
B6: Comunicazione da inviare entro | C6: =TEXT(INDEX(Turnazione!$B$6:$B$70,($C$4-1)*5+1)-4,"dddd dd/mm/yyyy")
B8: Giorno | C8: Data | D8: Conducente | E8: Note sul turno
B9: =INDEX(Turnazione!$C$6:$C$70,($C$4-1)*5+1) | C9: =TEXT(INDEX(Turnazione!$B$6:$B$70,($C$4-1)*5+1),"dd/mm/yyyy") | D9: =INDEX(Turnazione!$F$6:$F$70,($C$4-1)*5+1) | E9: =INDEX(Calcoli!$Y$6:$Y$70,($C$4-1)*5+1)
B10: =INDEX(Turnazione!$C$6:$C$70,($C$4-1)*5+2) | C10: =TEXT(INDEX(Turnazione!$B$6:$B$70,($C$4-1)*5+2),"dd/mm/yyyy") | D10: =INDEX(Turnazione!$F$6:$F$70,($C$4-1)*5+2) | E10: =INDEX(Calcoli!$Y$6:$Y$70,($C$4-1)*5+2)
B11: =INDEX(Turnazione!$C$6:$C$70,($C$4-1)*5+3) | C11: =TEXT(INDEX(Turnazione!$B$6:$B$70,($C$4-1)*5+3),"dd/mm/yyyy") | D11: =INDEX(Turnazione!$F$6:$F$70,($C$4-1)*5+3) | E11: =INDEX(Calcoli!$Y$6:$Y$70,($C$4-1)*5+3)
B12: =INDEX(Turnazione!$C$6:$C$70,($C$4-1)*5+4) | C12: =TEXT(INDEX(Turnazione!$B$6:$B$70,($C$4-1)*5+4),"dd/mm/yyyy") | D12: =INDEX(Turnazione!$F$6:$F$70,($C$4-1)*5+4) | E12: =INDEX(Calcoli!$Y$6:$Y$70,($C$4-1)*5+4)
B13: =INDEX(Turnazione!$C$6:$C$70,($C$4-1)*5+5) | C13: =TEXT(INDEX(Turnazione!$B$6:$B$70,($C$4-1)*5+5),"dd/mm/yyyy") | D13: =INDEX(Turnazione!$F$6:$F$70,($C$4-1)*5+5) | E13: =INDEX(Calcoli!$Y$6:$Y$70,($C$4-1)*5+5)
B15: TESTO PRONTO DA INVIARE
B16: ="Servizio auto Trinitapoli → Foggia → Trinitapoli"&CHAR(10)&"Turnazione settimana n. "&$C$4&" ("&$C$5&")"&CHAR(10)&CHAR(10)&$B9&" - "&$C9&": "&$D9&IF($E9="",""," ("&$E9&")")&CHAR(10)&$B10&" - "&$C10&": "&$D10&IF($E10="",""," ("&$E10&")")&CHAR(10)&$B11&" - "&$C11&": "&$D11&IF($E11="",""," ("&$E11&")")&CHAR(10)&$B12&" - "&$C12&": "&$D12&IF($E12="",""," ("&$E12&")")&CHAR(10)&$B13&" - "&$C13&": "&$D13&IF($E13="",""," ("&$E13&")")&CHAR(10)&""

Sheet Riepilogo
A1: RIEPILOGO PER PARTECIPANTE
A2: Conteggi sull'intero periodo del servizio (13 settimane)
A5: Partecipante | B5: Turni ordinari | C5: Doppi turni (sostituzioni) | D5: Recuperi effettuati | E5: Totale guide | F5: Turni saltati non recuperabili | G5: Turni saltati da recuperare | H5: Recuperi ancora da saldare
A6: =Partecipanti!$B$5 | B6: =COUNTIFS(Turnazione!$F$6:$F$70,$A6,Turnazione!$G$6:$G$70,"Ordinario") | C6: =COUNTIFS(Turnazione!$F$6:$F$70,$A6,Turnazione!$G$6:$G$70,"Sostituzione (doppio turno)") | D6: =COUNTIFS(Turnazione!$F$6:$F$70,$A6,Turnazione!$G$6:$G$70,"Recupero") | E6: =SUM($B6:$D6) | F6: =COUNTIFS(Calcoli!$C$6:$C$70,$A6,Calcoli!$E$6:$E$70,1,Calcoli!$F$6:$F$70,0) | G6: =COUNTIFS(Calcoli!$C$6:$C$70,$A6,Calcoli!$F$6:$F$70,1) | H6: =MAX(0,$G6-$D6)
A7: =Partecipanti!$B$6 | B7: =COUNTIFS(Turnazione!$F$6:$F$70,$A7,Turnazione!$G$6:$G$70,"Ordinario") | C7: =COUNTIFS(Turnazione!$F$6:$F$70,$A7,Turnazione!$G$6:$G$70,"Sostituzione (doppio turno)") | D7: =COUNTIFS(Turnazione!$F$6:$F$70,$A7,Turnazione!$G$6:$G$70,"Recupero") | E7: =SUM($B7:$D7) | F7: =COUNTIFS(Calcoli!$C$6:$C$70,$A7,Calcoli!$E$6:$E$70,1,Calcoli!$F$6:$F$70,0) | G7: =COUNTIFS(Calcoli!$C$6:$C$70,$A7,Calcoli!$F$6:$F$70,1) | H7: =MAX(0,$G7-$D7)
A8: =Partecipanti!$B$7 | B8: =COUNTIFS(Turnazione!$F$6:$F$70,$A8,Turnazione!$G$6:$G$70,"Ordinario") | C8: =COUNTIFS(Turnazione!$F$6:$F$70,$A8,Turnazione!$G$6:$G$70,"Sostituzione (doppio turno)") | D8: =COUNTIFS(Turnazione!$F$6:$F$70,$A8,Turnazione!$G$6:$G$70,"Recupero") | E8: =SUM($B8:$D8) | F8: =COUNTIFS(Calcoli!$C$6:$C$70,$A8,Calcoli!$E$6:$E$70,1,Calcoli!$F$6:$F$70,0) | G8: =COUNTIFS(Calcoli!$C$6:$C$70,$A8,Calcoli!$F$6:$F$70,1) | H8: =MAX(0,$G8-$D8)
A9: =Partecipanti!$B$8 | B9: =COUNTIFS(Turnazione!$F$6:$F$70,$A9,Turnazione!$G$6:$G$70,"Ordinario") | C9: =COUNTIFS(Turnazione!$F$6:$F$70,$A9,Turnazione!$G$6:$G$70,"Sostituzione (doppio turno)") | D9: =COUNTIFS(Turnazione!$F$6:$F$70,$A9,Turnazione!$G$6:$G$70,"Recupero") | E9: =SUM($B9:$D9) | F9: =COUNTIFS(Calcoli!$C$6:$C$70,$A9,Calcoli!$E$6:$E$70,1,Calcoli!$F$6:$F$70,0) | G9: =COUNTIFS(Calcoli!$C$6:$C$70,$A9,Calcoli!$F$6:$F$70,1) | H9: =MAX(0,$G9-$D9)
A10: =Partecipanti!$B$9 | B10: =COUNTIFS(Turnazione!$F$6:$F$70,$A10,Turnazione!$G$6:$G$70,"Ordinario") | C10: =COUNTIFS(Turnazione!$F$6:$F$70,$A10,Turnazione!$G$6:$G$70,"Sostituzione (doppio turno)") | D10: =COUNTIFS(Turnazione!$F$6:$F$70,$A10,Turnazione!$G$6:$G$70,"Recupero") | E10: =SUM($B10:$D10) | F10: =COUNTIFS(Calcoli!$C$6:$C$70,$A10,Calcoli!$E$6:$E$70,1,Calcoli!$F$6:$F$70,0) | G10: =COUNTIFS(Calcoli!$C$6:$C$70,$A10,Calcoli!$F$6:$F$70,1) | H10: =MAX(0,$G10-$D10)
A11: TOTALE | B11: =SUM(B6:B10) | C11: =SUM(C6:C10) | D11: =SUM(D6:D10) | E11: =SUM(E6:E10) | F11: =SUM(F6:F10) | G11: =SUM(G6:G10) | H11: =SUM(H6:H10)
A13: Come leggere il riepilogo
A14: Totale guide | B14: Numero di volte in cui la persona prende effettivamente la macchina.
A15: Turni saltati non recuperabili | B15: Turni persi per licenza o attività esterna di settimana intera: non vanno recuperati (R1, R2).
A16: Turni saltati da recuperare | B16: Turni persi per altri motivi: generano un recupero nella settimana successiva (R3).
A17: Recuperi ancora da saldare | B17: Recuperi maturati e non ancora effettuati, di norma perché la persona era assente anche nella settimana del recupero (R7): vanno riprogrammati.

Sheet Calcoli
A1: Foglio di appoggio - non modificare
A5: Sett. | B5: Data | C5: Titolare | D5: Tipo assenza titolare | E5: Titolare assente | F5: Recuperabile | G5: Disp. Nicola | H5: Disp. Stefano | I5: Disp. Rocco | J5: Disp. Giuseppe | K5: Disp. Savino | L5: Recupero da | M5: Recupero attivo | N5: Punt. Nicola | O5: Punt. Stefano | P5: Punt. Rocco | Q5: Punt. Giuseppe | R5: Punt. Savino | S5: Sostituto | T5: Sostituto recuperabile | U5: Conducente effettivo | V5: Tipo turno | W5: A riposo | X5: Motivo variazione | Y5: Nota sintetica | AB5: Inizio servizio
A6: 1 | B6: 46293 | C6: =Partecipanti!$B$5 | D6: =IF(COUNTIFS(A_PERS,$C6,A_SETT,$A6,A_TIPO,"Licenza - settimana intera")>0,"Licenza - settimana intera",IF(COUNTIFS(A_PERS,$C6,A_SETT,$A6,A_TIPO,"Attività esterna - settimana intera")>0,"Attività esterna - settimana intera",IF(COUNTIFS(A_PERS,$C6,A_DATA,$B6)>0,INDEX(A_TIPO,MATCH(1,INDEX((A_PERS=$C6)*(A_DATA=$B6),0),0)),""))) | E6: =IF($D6="",0,1) | F6: =IF($E6=0,0,IF(OR($D6="Licenza - settimana intera",$D6="Attività esterna - settimana intera"),0,1)) | G6: =IF(COUNTIFS(A_PERS,Partecipanti!$B$5,A_DATA,$B6)+COUNTIFS(A_PERS,Partecipanti!$B$5,A_SETT,$A6,A_TIPO,"Licenza - settimana intera")+COUNTIFS(A_PERS,Partecipanti!$B$5,A_SETT,$A6,A_TIPO,"Attività esterna - settimana intera")>0,0,1) | H6: =IF(COUNTIFS(A_PERS,Partecipanti!$B$6,A_DATA,$B6)+COUNTIFS(A_PERS,Partecipanti!$B$6,A_SETT,$A6,A_TIPO,"Licenza - settimana intera")+COUNTIFS(A_PERS,Partecipanti!$B$6,A_SETT,$A6,A_TIPO,"Attività esterna - settimana intera")>0,0,1) | I6: =IF(COUNTIFS(A_PERS,Partecipanti!$B$7,A_DATA,$B6)+COUNTIFS(A_PERS,Partecipanti!$B$7,A_SETT,$A6,A_TIPO,"Licenza - settimana intera")+COUNTIFS(A_PERS,Partecipanti!$B$7,A_SETT,$A6,A_TIPO,"Attività esterna - settimana intera")>0,0,1) | J6: =IF(COUNTIFS(A_PERS,Partecipanti!$B$8,A_DATA,$B6)+COUNTIFS(A_PERS,Partecipanti!$B$8,A_SETT,$A6,A_TIPO,"Licenza - settimana intera")+COUNTIFS(A_PERS,Partecipanti!$B$8,A_SETT,$A6,A_TIPO,"Attività esterna - settimana intera")>0,0,1) | K6: =IF(COUNTIFS(A_PERS,Partecipanti!$B$9,A_DATA,$B6)+COUNTIFS(A_PERS,Partecipanti!$B$9,A_SETT,$A6,A_TIPO,"Licenza - settimana intera")+COUNTIFS(A_PERS,Partecipanti!$B$9,A_SETT,$A6,A_TIPO,"Attività esterna - settimana intera")>0,0,1) | M6: =IF($L6="",0,IF(INDEX($G6:$K6,MATCH($L6,Partecipanti!$B$5:$B$9,0))=1,1,0)) | N6: =IF($G6=0,100000,IF(Partecipanti!$B$5=$C6,100000,0*100+MOD(1-MATCH($C6,Partecipanti!$B$5:$B$9,0)-1,5))) | O6: =IF($H6=0,100000,IF(Partecipanti!$B$6=$C6,100000,0*100+MOD(2-MATCH($C6,Partecipanti!$B$5:$B$9,0)-1,5))) | P6: =IF($I6=0,100000,IF(Partecipanti!$B$7=$C6,100000,0*100+MOD(3-MATCH($C6,Partecipanti!$B$5:$B$9,0)-1,5))) | Q6: =IF($J6=0,100000,IF(Partecipanti!$B$8=$C6,100000,0*100+MOD(4-MATCH($C6,Partecipanti!$B$5:$B$9,0)-1,5))) | R6: =IF($K6=0,100000,IF(Partecipanti!$B$9=$C6,100000,0*100+MOD(5-MATCH($C6,Partecipanti!$B$5:$B$9,0)-1,5))) | S6: =IF(OR($E6=0,$M6=1),"",IF(MIN($N6:$R6)>=100000,"DA ASSEGNARE",INDEX(Partecipanti!$B$5:$B$9,MATCH(MIN($N6:$R6),$N6:$R6,0)))) | T6: =IF(AND($F6=1,$S6<>"",$S6<>"DA ASSEGNARE"),$S6,"") | U6: =IF($M6=1,$L6,IF($E6=0,$C6,$S6)) | V6: =IF($M6=1,"Recupero",IF($E6=0,"Ordinario",IF($S6="DA ASSEGNARE","DA ASSEGNARE","Sostituzione (doppio turno)"))) | W6: =IF(OR($M6=1,$E6=1),$C6,"") | X6: =IF($M6=1,$L6&" recupera il turno saltato nella settimana "&($A6-1)&"; "&$C6&" a riposo compensativo",IF($E6=1,$C6&" assente ("&$D6&")"&IF($S6="DA ASSEGNARE","; nessun sostituto disponibile","; sostituisce "&$S6&" con doppio turno")&IF($F6=1,"; turno da recuperare nella settimana "&($A6+1),"; turno non da recuperare"),"")) | Y6: =IF($M6=1,"recupera il turno saltato nella settimana "&($A6-1)&", "&$C6&" a riposo",IF($E6=1,IF($S6="DA ASSEGNARE","turno da assegnare: "&$C6&" assente","in sostituzione di "&$C6&", doppio turno"),"")) | AB6: 46293 | AC6: numero settimane
A7: 1 | B7: 46294 | C7: =Partecipanti!$B$6 | D7: =IF(COUNTIFS(A_PERS,$C7,A_SETT,$A7,A_TIPO,"Licenza - settimana intera")>0,"Licenza - settimana intera",IF(COUNTIFS(A_PERS,$C7,A_SETT,$A7,A_TIPO,"Attività esterna - settimana intera")>0,"Attività esterna - settimana intera",IF(COUNTIFS(A_PERS,$C7,A_DATA,$B7)>0,INDEX(A_TIPO,MATCH(1,INDEX((A_PERS=$C7)*(A_DATA=$B7),0),0)),""))) | E7: =IF($D7="",0,1) | F7: =IF($E7=0,0,IF(OR($D7="Licenza - settimana intera",$D7="Attività esterna - settimana intera"),0,1)) | G7: =IF(COUNTIFS(A_PERS,Partecipanti!$B$5,A_DATA,$B7)+COUNTIFS(A_PERS,Partecipanti!$B$5,A_SETT,$A7,A_TIPO,"Licenza - settimana intera")+COUNTIFS(A_PERS,Partecipanti!$B$5,A_SETT,$A7,A_TIPO,"Attività esterna - settimana intera")>0,0,1) | H7: =IF(COUNTIFS(A_PERS,Partecipanti!$B$6,A_DATA,$B7)+COUNTIFS(A_PERS,Partecipanti!$B$6,A_SETT,$A7,A_TIPO,"Licenza - settimana intera")+COUNTIFS(A_PERS,Partecipanti!$B$6,A_SETT,$A7,A_TIPO,"Attività esterna - settimana intera")>0,0,1) | I7: =IF(COUNTIFS(A_PERS,Partecipanti!$B$7,A_DATA,$B7)+COUNTIFS(A_PERS,Partecipanti!$B$7,A_SETT,$A7,A_TIPO,"Licenza - settimana intera")+COUNTIFS(A_PERS,Partecipanti!$B$7,A_SETT,$A7,A_TIPO,"Attività esterna - settimana intera")>0,0,1) | J7: =IF(COUNTIFS(A_PERS,Partecipanti!$B$8,A_DATA,$B7)+COUNTIFS(A_PERS,Partecipanti!$B$8,A_SETT,$A7,A_TIPO,"Licenza - settimana intera")+COUNTIFS(A_PERS,Partecipanti!$B$8,A_SETT,$A7,A_TIPO,"Attività esterna - settimana intera")>0,0,1) | K7: =IF(COUNTIFS(A_PERS,Partecipanti!$B$9,A_DATA,$B7)+COUNTIFS(A_PERS,Partecipanti!$B$9,A_SETT,$A7,A_TIPO,"Licenza - settimana intera")+COUNTIFS(A_PERS,Partecipanti!$B$9,A_SETT,$A7,A_TIPO,"Attività esterna - settimana intera")>0,0,1) | M7: =IF($L7="",0,IF(INDEX($G7:$K7,MATCH($L7,Partecipanti!$B$5:$B$9,0))=1,1,0)) | N7: =IF($G7=0,100000,IF(Partecipanti!$B$5=$C7,100000,COUNTIF($S$6:$S6,Partecipanti!$B$5)*100+MOD(1-MATCH($C7,Partecipanti!$B$5:$B$9,0)-1,5))) | O7: =IF($H7=0,100000,IF(Partecipanti!$B$6=$C7,100000,COUNTIF($S$6:$S6,Partecipanti!$B$6)*100+MOD(2-MATCH($C7,Partecipanti!$B$5:$B$9,0)-1,5))) | P7: =IF($I7=0,100000,IF(Partecipanti!$B$7=$C7,100000,COUNTIF($S$6:$S6,Partecipanti!$B$7)*100+MOD(3-MATCH($C7,Partecipanti!$B$5:$B$9,0)-1,5))) | Q7: =IF($J7=0,100000,IF(Partecipanti!$B$8=$C7,100000,COUNTIF($S$6:$S6,Partecipanti!$B$8)*100+MOD(4-MATCH($C7,Partecipanti!$B$5:$B$9,0)-1,5))) | R7: =IF($K7=0,100000,IF(Partecipanti!$B$9=$C7,100000,COUNTIF($S$6:$S6,Partecipanti!$B$9)*100+MOD(5-MATCH($C7,Partecipanti!$B$5:$B$9,0)-1,5))) | S7: =IF(OR($E7=0,$M7=1),"",IF(MIN($N7:$R7)>=100000,"DA ASSEGNARE",INDEX(Partecipanti!$B$5:$B$9,MATCH(MIN($N7:$R7),$N7:$R7,0)))) | T7: =IF(AND($F7=1,$S7<>"",$S7<>"DA ASSEGNARE"),$S7,"") | U7: =IF($M7=1,$L7,IF($E7=0,$C7,$S7)) | V7: =IF($M7=1,"Recupero",IF($E7=0,"Ordinario",IF($S7="DA ASSEGNARE","DA ASSEGNARE","Sostituzione (doppio turno)"))) | W7: =IF(OR($M7=1,$E7=1),$C7,"") | X7: =IF($M7=1,$L7&" recupera il turno saltato nella settimana "&($A7-1)&"; "&$C7&" a riposo compensativo",IF($E7=1,$C7&" assente ("&$D7&")"&IF($S7="DA ASSEGNARE","; nessun sostituto disponibile","; sostituisce "&$S7&" con doppio turno")&IF($F7=1,"; turno da recuperare nella settimana "&($A7+1),"; turno non da recuperare"),"")) | Y7: =IF($M7=1,"recupera il turno saltato nella settimana "&($A7-1)&", "&$C7&" a riposo",IF($E7=1,IF($S7="DA ASSEGNARE","turno da assegnare: "&$C7&" assente","in sostituzione di "&$C7&", doppio turno"),"")) | AB7: 13
A8: 1 | B8: 46295 | C8: =Partecipanti!$B$7 | D8: =IF(COUNTIFS(A_PERS,$C8,A_SETT,$A8,A_TIPO,"Licenza - settimana intera")>0,"Licenza - settimana intera",IF(COUNTIFS(A_PERS,$C8,A_SETT,$A8,A_TIPO,"Attività esterna - settimana intera")>0,"Attività esterna - settimana intera",IF(COUNTIFS(A_PERS,$C8,A_DATA,$B8)>0,INDEX(A_TIPO,MATCH(1,INDEX((A_PERS=$C8)*(A_DATA=$B8),0),0)),""))) | E8: =IF($D8="",0,1) | F8: =IF($E8=0,0,IF(OR($D8="Licenza - settimana intera",$D8="Attività esterna - settimana intera"),0,1)) | G8: =IF(COUNTIFS(A_PERS,Partecipanti!$B$5,A_DATA,$B8)+COUNTIFS(A_PERS,Partecipanti!$B$5,A_SETT,$A8,A_TIPO,"Licenza - settimana intera")+COUNTIFS(A_PERS,Partecipanti!$B$5,A_SETT,$A8,A_TIPO,"Attività esterna - settimana intera")>0,0,1) | H8: =IF(COUNTIFS(A_PERS,Partecipanti!$B$6,A_DATA,$B8)+COUNTIFS(A_PERS,Partecipanti!$B$6,A_SETT,$A8,A_TIPO,"Licenza - settimana intera")+COUNTIFS(A_PERS,Partecipanti!$B$6,A_SETT,$A8,A_TIPO,"Attività esterna - settimana intera")>0,0,1) | I8: =IF(COUNTIFS(A_PERS,Partecipanti!$B$7,A_DATA,$B8)+COUNTIFS(A_PERS,Partecipanti!$B$7,A_SETT,$A8,A_TIPO,"Licenza - settimana intera")+COUNTIFS(A_PERS,Partecipanti!$B$7,A_SETT,$A8,A_TIPO,"Attività esterna - settimana intera")>0,0,1) | J8: =IF(COUNTIFS(A_PERS,Partecipanti!$B$8,A_DATA,$B8)+COUNTIFS(A_PERS,Partecipanti!$B$8,A_SETT,$A8,A_TIPO,"Licenza - settimana intera")+COUNTIFS(A_PERS,Partecipanti!$B$8,A_SETT,$A8,A_TIPO,"Attività esterna - settimana intera")>0,0,1) | K8: =IF(COUNTIFS(A_PERS,Partecipanti!$B$9,A_DATA,$B8)+COUNTIFS(A_PERS,Partecipanti!$B$9,A_SETT,$A8,A_TIPO,"Licenza - settimana intera")+COUNTIFS(A_PERS,Partecipanti!$B$9,A_SETT,$A8,A_TIPO,"Attività esterna - settimana intera")>0,0,1) | M8: =IF($L8="",0,IF(INDEX($G8:$K8,MATCH($L8,Partecipanti!$B$5:$B$9,0))=1,1,0)) | N8: =IF($G8=0,100000,IF(Partecipanti!$B$5=$C8,100000,COUNTIF($S$6:$S7,Partecipanti!$B$5)*100+MOD(1-MATCH($C8,Partecipanti!$B$5:$B$9,0)-1,5))) | O8: =IF($H8=0,100000,IF(Partecipanti!$B$6=$C8,100000,COUNTIF($S$6:$S7,Partecipanti!$B$6)*100+MOD(2-MATCH($C8,Partecipanti!$B$5:$B$9,0)-1,5))) | P8: =IF($I8=0,100000,IF(Partecipanti!$B$7=$C8,100000,COUNTIF($S$6:$S7,Partecipanti!$B$7)*100+MOD(3-MATCH($C8,Partecipanti!$B$5:$B$9,0)-1,5))) | Q8: =IF($J8=0,100000,IF(Partecipanti!$B$8=$C8,100000,COUNTIF($S$6:$S7,Partecipanti!$B$8)*100+MOD(4-MATCH($C8,Partecipanti!$B$5:$B$9,0)-1,5))) | R8: =IF($K8=0,100000,IF(Partecipanti!$B$9=$C8,100000,COUNTIF($S$6:$S7,Partecipanti!$B$9)*100+MOD(5-MATCH($C8,Partecipanti!$B$5:$B$9,0)-1,5))) | S8: =IF(OR($E8=0,$M8=1),"",IF(MIN($N8:$R8)>=100000,"DA ASSEGNARE",INDEX(Partecipanti!$B$5:$B$9,MATCH(MIN($N8:$R8),$N8:$R8,0)))) | T8: =IF(AND($F8=1,$S8<>"",$S8<>"DA ASSEGNARE"),$S8,"") | U8: =IF($M8=1,$L8,IF($E8=0,$C8,$S8)) | V8: =IF($M8=1,"Recupero",IF($E8=0,"Ordinario",IF($S8="DA ASSEGNARE","DA ASSEGNARE","Sostituzione (doppio turno)"))) | W8: =IF(OR($M8=1,$E8=1),$C8,"") | X8: =IF($M8=1,$L8&" recupera il turno saltato nella settimana "&($A8-1)&"; "&$C8&" a riposo compensativo",IF($E8=1,$C8&" assente ("&$D8&")"&IF($S8="DA ASSEGNARE","; nessun sostituto disponibile","; sostituisce "&$S8&" con doppio turno")&IF($F8=1,"; turno da recuperare nella settimana "&($A8+1),"; turno non da recuperare"),"")) | Y8: =IF($M8=1,"recupera il turno saltato nella settimana "&($A8-1)&", "&$C8&" a riposo",IF($E8=1,IF($S8="DA ASSEGNARE","turno da assegnare: "&$C8&" assente","in sostituzione di "&$C8&", doppio turno"),""))
A9: 1 | B9: 46296 | C9: =Partecipanti!$B$8 | D9: =IF(COUNTIFS(A_PERS,$C9,A_SETT,$A9,A_TIPO,"Licenza - settimana intera")>0,"Licenza - settimana intera",IF(COUNTIFS(A_PERS,$C9,A_SETT,$A9,A_TIPO,"Attività esterna - settimana intera")>0,"Attività esterna - settimana intera",IF(COUNTIFS(A_PERS,$C9,A_DATA,$B9)>0,INDEX(A_TIPO,MATCH(1,INDEX((A_PERS=$C9)*(A_DATA=$B9),0),0)),""))) | E9: =IF($D9="",0,1) | F9: =IF($E9=0,0,IF(OR($D9="Licenza - settimana intera",$D9="Attività esterna - settimana intera"),0,1)) | G9: =IF(COUNTIFS(A_PERS,Partecipanti!$B$5,A_DATA,$B9)+COUNTIFS(A_PERS,Partecipanti!$B$5,A_SETT,$A9,A_TIPO,"Licenza - settimana intera")+COUNTIFS(A_PERS,Partecipanti!$B$5,A_SETT,$A9,A_TIPO,"Attività esterna - settimana intera")>0,0,1) | H9: =IF(COUNTIFS(A_PERS,Partecipanti!$B$6,A_DATA,$B9)+COUNTIFS(A_PERS,Partecipanti!$B$6,A_SETT,$A9,A_TIPO,"Licenza - settimana intera")+COUNTIFS(A_PERS,Partecipanti!$B$6,A_SETT,$A9,A_TIPO,"Attività esterna - settimana intera")>0,0,1) | I9: =IF(COUNTIFS(A_PERS,Partecipanti!$B$7,A_DATA,$B9)+COUNTIFS(A_PERS,Partecipanti!$B$7,A_SETT,$A9,A_TIPO,"Licenza - settimana intera")+COUNTIFS(A_PERS,Partecipanti!$B$7,A_SETT,$A9,A_TIPO,"Attività esterna - settimana intera")>0,0,1) | J9: =IF(COUNTIFS(A_PERS,Partecipanti!$B$8,A_DATA,$B9)+COUNTIFS(A_PERS,Partecipanti!$B$8,A_SETT,$A9,A_TIPO,"Licenza - settimana intera")+COUNTIFS(A_PERS,Partecipanti!$B$8,A_SETT,$A9,A_TIPO,"Attività esterna - settimana intera")>0,0,1) | K9: =IF(COUNTIFS(A_PERS,Partecipanti!$B$9,A_DATA,$B9)+COUNTIFS(A_PERS,Partecipanti!$B$9,A_SETT,$A9,A_TIPO,"Licenza - settimana intera")+COUNTIFS(A_PERS,Partecipanti!$B$9,A_SETT,$A9,A_TIPO,"Attività esterna - settimana intera")>0,0,1) | M9: =IF($L9="",0,IF(INDEX($G9:$K9,MATCH($L9,Partecipanti!$B$5:$B$9,0))=1,1,0)) | N9: =IF($G9=0,100000,IF(Partecipanti!$B$5=$C9,100000,COUNTIF($S$6:$S8,Partecipanti!$B$5)*100+MOD(1-MATCH($C9,Partecipanti!$B$5:$B$9,0)-1,5))) | O9: =IF($H9=0,100000,IF(Partecipanti!$B$6=$C9,100000,COUNTIF($S$6:$S8,Partecipanti!$B$6)*100+MOD(2-MATCH($C9,Partecipanti!$B$5:$B$9,0)-1,5))) | P9: =IF($I9=0,100000,IF(Partecipanti!$B$7=$C9,100000,COUNTIF($S$6:$S8,Partecipanti!$B$7)*100+MOD(3-MATCH($C9,Partecipanti!$B$5:$B$9,0)-1,5))) | Q9: =IF($J9=0,100000,IF(Partecipanti!$B$8=$C9,100000,COUNTIF($S$6:$S8,Partecipanti!$B$8)*100+MOD(4-MATCH($C9,Partecipanti!$B$5:$B$9,0)-1,5))) | R9: =IF($K9=0,100000,IF(Partecipanti!$B$9=$C9,100000,COUNTIF($S$6:$S8,Partecipanti!$B$9)*100+MOD(5-MATCH($C9,Partecipanti!$B$5:$B$9,0)-1,5))) | S9: =IF(OR($E9=0,$M9=1),"",IF(MIN($N9:$R9)>=100000,"DA ASSEGNARE",INDEX(Partecipanti!$B$5:$B$9,MATCH(MIN($N9:$R9),$N9:$R9,0)))) | T9: =IF(AND($F9=1,$S9<>"",$S9<>"DA ASSEGNARE"),$S9,"") | U9: =IF($M9=1,$L9,IF($E9=0,$C9,$S9)) | V9: =IF($M9=1,"Recupero",IF($E9=0,"Ordinario",IF($S9="DA ASSEGNARE","DA ASSEGNARE","Sostituzione (doppio turno)"))) | W9: =IF(OR($M9=1,$E9=1),$C9,"") | X9: =IF($M9=1,$L9&" recupera il turno saltato nella settimana "&($A9-1)&"; "&$C9&" a riposo compensativo",IF($E9=1,$C9&" assente ("&$D9&")"&IF($S9="DA ASSEGNARE","; nessun sostituto disponibile","; sostituisce "&$S9&" con doppio turno")&IF($F9=1,"; turno da recuperare nella settimana "&($A9+1),"; turno non da recuperare"),"")) | Y9: =IF($M9=1,"recupera il turno saltato nella settimana "&($A9-1)&", "&$C9&" a riposo",IF($E9=1,IF($S9="DA ASSEGNARE","turno da assegnare: "&$C9&" assente","in sostituzione di "&$C9&", doppio turno"),""))
A10: 1 | B10: 46297 | C10: =Partecipanti!$B$9 | D10: =IF(COUNTIFS(A_PERS,$C10,A_SETT,$A10,A_TIPO,"Licenza - settimana intera")>0,"Licenza - settimana intera",IF(COUNTIFS(A_PERS,$C10,A_SETT,$A10,A_TIPO,"Attività esterna - settimana intera")>0,"Attività esterna - settimana intera",IF(COUNTIFS(A_PERS,$C10,A_DATA,$B10)>0,INDEX(A_TIPO,MATCH(1,INDEX((A_PERS=$C10)*(A_DATA=$B10),0),0)),""))) | E10: =IF($D10="",0,1) | F10: =IF($E10=0,0,IF(OR($D10="Licenza - settimana intera",$D10="Attività esterna - settimana intera"),0,1)) | G10: =IF(COUNTIFS(A_PERS,Partecipanti!$B$5,A_DATA,$B10)+COUNTIFS(A_PERS,Partecipanti!$B$5,A_SETT,$A10,A_TIPO,"Licenza - settimana intera")+COUNTIFS(A_PERS,Partecipanti!$B$5,A_SETT,$A10,A_TIPO,"Attività esterna - settimana intera")>0,0,1) | H10: =IF(COUNTIFS(A_PERS,Partecipanti!$B$6,A_DATA,$B10)+COUNTIFS(A_PERS,Partecipanti!$B$6,A_SETT,$A10,A_TIPO,"Licenza - settimana intera")+COUNTIFS(A_PERS,Partecipanti!$B$6,A_SETT,$A10,A_TIPO,"Attività esterna - settimana intera")>0,0,1) | I10: =IF(COUNTIFS(A_PERS,Partecipanti!$B$7,A_DATA,$B10)+COUNTIFS(A_PERS,Partecipanti!$B$7,A_SETT,$A10,A_TIPO,"Licenza - settimana intera")+COUNTIFS(A_PERS,Partecipanti!$B$7,A_SETT,$A10,A_TIPO,"Attività esterna - settimana intera")>0,0,1) | J10: =IF(COUNTIFS(A_PERS,Partecipanti!$B$8,A_DATA,$B10)+COUNTIFS(A_PERS,Partecipanti!$B$8,A_SETT,$A10,A_TIPO,"Licenza - settimana intera")+COUNTIFS(A_PERS,Partecipanti!$B$8,A_SETT,$A10,A_TIPO,"Attività esterna - settimana intera")>0,0,1) | K10: =IF(COUNTIFS(A_PERS,Partecipanti!$B$9,A_DATA,$B10)+COUNTIFS(A_PERS,Partecipanti!$B$9,A_SETT,$A10,A_TIPO,"Licenza - settimana intera")+COUNTIFS(A_PERS,Partecipanti!$B$9,A_SETT,$A10,A_TIPO,"Attività esterna - settimana intera")>0,0,1) | M10: =IF($L10="",0,IF(INDEX($G10:$K10,MATCH($L10,Partecipanti!$B$5:$B$9,0))=1,1,0)) | N10: =IF($G10=0,100000,IF(Partecipanti!$B$5=$C10,100000,COUNTIF($S$6:$S9,Partecipanti!$B$5)*100+MOD(1-MATCH($C10,Partecipanti!$B$5:$B$9,0)-1,5))) | O10: =IF($H10=0,100000,IF(Partecipanti!$B$6=$C10,100000,COUNTIF($S$6:$S9,Partecipanti!$B$6)*100+MOD(2-MATCH($C10,Partecipanti!$B$5:$B$9,0)-1,5))) | P10: =IF($I10=0,100000,IF(Partecipanti!$B$7=$C10,100000,COUNTIF($S$6:$S9,Partecipanti!$B$7)*100+MOD(3-MATCH($C10,Partecipanti!$B$5:$B$9,0)-1,5))) | Q10: =IF($J10=0,100000,IF(Partecipanti!$B$8=$C10,100000,COUNTIF($S$6:$S9,Partecipanti!$B$8)*100+MOD(4-MATCH($C10,Partecipanti!$B$5:$B$9,0)-1,5))) | R10: =IF($K10=0,100000,IF(Partecipanti!$B$9=$C10,100000,COUNTIF($S$6:$S9,Partecipanti!$B$9)*100+MOD(5-MATCH($C10,Partecipanti!$B$5:$B$9,0)-1,5))) | S10: =IF(OR($E10=0,$M10=1),"",IF(MIN($N10:$R10)>=100000,"DA ASSEGNARE",INDEX(Partecipanti!$B$5:$B$9,MATCH(MIN($N10:$R10),$N10:$R10,0)))) | T10: =IF(AND($F10=1,$S10<>"",$S10<>"DA ASSEGNARE"),$S10,"") | U10: =IF($M10=1,$L10,IF($E10=0,$C10,$S10)) | V10: =IF($M10=1,"Recupero",IF($E10=0,"Ordinario",IF($S10="DA ASSEGNARE","DA ASSEGNARE","Sostituzione (doppio turno)"))) | W10: =IF(OR($M10=1,$E10=1),$C10,"") | X10: =IF($M10=1,$L10&" recupera il turno saltato nella settimana "&($A10-1)&"; "&$C10&" a riposo compensativo",IF($E10=1,$C10&" assente ("&$D10&")"&IF($S10="DA ASSEGNARE","; nessun sostituto disponibile","; sostituisce "&$S10&" con doppio turno")&IF($F10=1,"; turno da recuperare nella settimana "&($A10+1),"; turno non da recuperare"),"")) | Y10: =IF($M10=1,"recupera il turno saltato nella settimana "&($A10-1)&", "&$C10&" a riposo",IF($E10=1,IF($S10="DA ASSEGNARE","turno da assegnare: "&$C10&" assente","in sostituzione di "&$C10&", doppio turno"),""))
A11: 2 | B11: 46300 | C11: =Partecipanti!$B$5 | D11: =IF(COUNTIFS(A_PERS,$C11,A_SETT,$A11,A_TIPO,"Licenza - settimana intera")>0,"Licenza - settimana intera",IF(COUNTIFS(A_PERS,$C11,A_SETT,$A11,A_TIPO,"Attività esterna - settimana intera")>0,"Attività esterna - settimana intera",IF(COUNTIFS(A_PERS,$C11,A_DATA,$B11)>0,INDEX(A_TIPO,MATCH(1,INDEX((A_PERS=$C11)*(A_DATA=$B11),0),0)),""))) | E11: =IF($D11="",0,1) | F11: =IF($E11=0,0,IF(OR($D11="Licenza - settimana intera",$D11="Attività esterna - settimana intera"),0,1)) | G11: =IF(COUNTIFS(A_PERS,Partecipanti!$B$5,A_DATA,$B11)+COUNTIFS(A_PERS,Partecipanti!$B$5,A_SETT,$A11,A_TIPO,"Licenza - settimana intera")+COUNTIFS(A_PERS,Partecipanti!$B$5,A_SETT,$A11,A_TIPO,"Attività esterna - settimana intera")>0,0,1) | H11: =IF(COUNTIFS(A_PERS,Partecipanti!$B$6,A_DATA,$B11)+COUNTIFS(A_PERS,Partecipanti!$B$6,A_SETT,$A11,A_TIPO,"Licenza - settimana intera")+COUNTIFS(A_PERS,Partecipanti!$B$6,A_SETT,$A11,A_TIPO,"Attività esterna - settimana intera")>0,0,1) | I11: =IF(COUNTIFS(A_PERS,Partecipanti!$B$7,A_DATA,$B11)+COUNTIFS(A_PERS,Partecipanti!$B$7,A_SETT,$A11,A_TIPO,"Licenza - settimana intera")+COUNTIFS(A_PERS,Partecipanti!$B$7,A_SETT,$A11,A_TIPO,"Attività esterna - settimana intera")>0,0,1) | J11: =IF(COUNTIFS(A_PERS,Partecipanti!$B$8,A_DATA,$B11)+COUNTIFS(A_PERS,Partecipanti!$B$8,A_SETT,$A11,A_TIPO,"Licenza - settimana intera")+COUNTIFS(A_PERS,Partecipanti!$B$8,A_SETT,$A11,A_TIPO,"Attività esterna - settimana intera")>0,0,1) | K11: =IF(COUNTIFS(A_PERS,Partecipanti!$B$9,A_DATA,$B11)+COUNTIFS(A_PERS,Partecipanti!$B$9,A_SETT,$A11,A_TIPO,"Licenza - settimana intera")+COUNTIFS(A_PERS,Partecipanti!$B$9,A_SETT,$A11,A_TIPO,"Attività esterna - settimana intera")>0,0,1) | L11: =IFERROR(INDEX($C6:$C10,MATCH(1,INDEX(($T6:$T10=$C11)*1,0),0)),"") | M11: =IF($L11="",0,IF(INDEX($G11:$K11,MATCH($L11,Partecipanti!$B$5:$B$9,0))=1,1,0)) | N11: =IF($G11=0,100000,IF(Partecipanti!$B$5=$C11,100000,COUNTIF($S$6:$S10,Partecipanti!$B$5)*100+MOD(1-MATCH($C11,Partecipanti!$B$5:$B$9,0)-1,5))) | O11: =IF($H11=0,100000,IF(Partecipanti!$B$6=$C11,100000,COUNTIF($S$6:$S10,Partecipanti!$B$6)*100+MOD(2-MATCH($C11,Partecipanti!$B$5:$B$9,0)-1,5))) | P11: =IF($I11=0,100000,IF(Partecipanti!$B$7=$C11,100000,COUNTIF($S$6:$S10,Partecipanti!$B$7)*100+MOD(3-MATCH($C11,Partecipanti!$B$5:$B$9,0)-1,5))) | Q11: =IF($J11=0,100000,IF(Partecipanti!$B$8=$C11,100000,COUNTIF($S$6:$S10,Partecipanti!$B$8)*100+MOD(4-MATCH($C11,Partecipanti!$B$5:$B$9,0)-1,5))) | R11: =IF($K11=0,100000,IF(Partecipanti!$B$9=$C11,100000,COUNTIF($S$6:$S10,Partecipanti!$B$9)*100+MOD(5-MATCH($C11,Partecipanti!$B$5:$B$9,0)-1,5))) | S11: =IF(OR($E11=0,$M11=1),"",IF(MIN($N11:$R11)>=100000,"DA ASSEGNARE",INDEX(Partecipanti!$B$5:$B$9,MATCH(MIN($N11:$R11),$N11:$R11,0)))) | T11: =IF(AND($F11=1,$S11<>"",$S11<>"DA ASSEGNARE"),$S11,"") | U11: =IF($M11=1,$L11,IF($E11=0,$C11,$S11)) | V11: =IF($M11=1,"Recupero",IF($E11=0,"Ordinario",IF($S11="DA ASSEGNARE","DA ASSEGNARE","Sostituzione (doppio turno)"))) | W11: =IF(OR($M11=1,$E11=1),$C11,"") | X11: =IF($M11=1,$L11&" recupera il turno saltato nella settimana "&($A11-1)&"; "&$C11&" a riposo compensativo",IF($E11=1,$C11&" assente ("&$D11&")"&IF($S11="DA ASSEGNARE","; nessun sostituto disponibile","; sostituisce "&$S11&" con doppio turno")&IF($F11=1,"; turno da recuperare nella settimana "&($A11+1),"; turno non da recuperare"),"")) | Y11: =IF($M11=1,"recupera il turno saltato nella settimana "&($A11-1)&", "&$C11&" a riposo",IF($E11=1,IF($S11="DA ASSEGNARE","turno da assegnare: "&$C11&" assente","in sostituzione di "&$C11&", doppio turno"),""))
A12: 2 | B12: 46301 | C12: =Partecipanti!$B$6 | D12: =IF(COUNTIFS(A_PERS,$C12,A_SETT,$A12,A_TIPO,"Licenza - settimana intera")>0,"Licenza - settimana intera",IF(COUNTIFS(A_PERS,$C12,A_SETT,$A12,A_TIPO,"Attività esterna - settimana intera")>0,"Attività esterna - settimana intera",IF(COUNTIFS(A_PERS,$C12,A_DATA,$B12)>0,INDEX(A_TIPO,MATCH(1,INDEX((A_PERS=$C12)*(A_DATA=$B12),0),0)),""))) | E12: =IF($D12="",0,1) | F12: =IF($E12=0,0,IF(OR($D12="Licenza - settimana intera",$D12="Attività esterna - settimana intera"),0,1)) | G12: =IF(COUNTIFS(A_PERS,Partecipanti!$B$5,A_DATA,$B12)+COUNTIFS(A_PERS,Partecipanti!$B$5,A_SETT,$A12,A_TIPO,"Licenza - settimana intera")+COUNTIFS(A_PERS,Partecipanti!$B$5,A_SETT,$A12,A_TIPO,"Attività esterna - settimana intera")>0,0,1) | H12: =IF(COUNTIFS(A_PERS,Partecipanti!$B$6,A_DATA,$B12)+COUNTIFS(A_PERS,Partecipanti!$B$6,A_SETT,$A12,A_TIPO,"Licenza - settimana intera")+COUNTIFS(A_PERS,Partecipanti!$B$6,A_SETT,$A12,A_TIPO,"Attività esterna - settimana intera")>0,0,1) | I12: =IF(COUNTIFS(A_PERS,Partecipanti!$B$7,A_DATA,$B12)+COUNTIFS(A_PERS,Partecipanti!$B$7,A_SETT,$A12,A_TIPO,"Licenza - settimana intera")+COUNTIFS(A_PERS,Partecipanti!$B$7,A_SETT,$A12,A_TIPO,"Attività esterna - settimana intera")>0,0,1) | J12: =IF(COUNTIFS(A_PERS,Partecipanti!$B$8,A_DATA,$B12)+COUNTIFS(A_PERS,Partecipanti!$B$8,A_SETT,$A12,A_TIPO,"Licenza - settimana intera")+COUNTIFS(A_PERS,Partecipanti!$B$8,A_SETT,$A12,A_TIPO,"Attività esterna - settimana intera")>0,0,1) | K12: =IF(COUNTIFS(A_PERS,Partecipanti!$B$9,A_DATA,$B12)+COUNTIFS(A_PERS,Partecipanti!$B$9,A_SETT,$A12,A_TIPO,"Licenza - settimana intera")+COUNTIFS(A_PERS,Partecipanti!$B$9,A_SETT,$A12,A_TIPO,"Attività esterna - settimana intera")>0,0,1) | L12: =IFERROR(INDEX($C6:$C10,MATCH(1,INDEX(($T6:$T10=$C12)*1,0),0)),"") | M12: =IF($L12="",0,IF(INDEX($G12:$K12,MATCH($L12,Partecipanti!$B$5:$B$9,0))=1,1,0)) | N12: =IF($G12=0,100000,IF(Partecipanti!$B$5=$C12,100000,COUNTIF($S$6:$S11,Partecipanti!$B$5)*100+MOD(1-MATCH($C12,Partecipanti!$B$5:$B$9,0)-1,5))) | O12: =IF($H12=0,100000,IF(Partecipanti!$B$6=$C12,100000,COUNTIF($S$6:$S11,Partecipanti!$B$6)*100+MOD(2-MATCH($C12,Partecipanti!$B$5:$B$9,0)-1,5))) | P12: =IF($I12=0,100000,IF(Partecipanti!$B$7=$C12,100000,COUNTIF($S$6:$S11,Partecipanti!$B$7)*100+MOD(3-MATCH($C12,Partecipanti!$B$5:$B$9,0)-1,5))) | Q12: =IF($J12=0,100000,IF(Partecipanti!$B$8=$C12,100000,COUNTIF($S$6:$S11,Partecipanti!$B$8)*100+MOD(4-MATCH($C12,Partecipanti!$B$5:$B$9,0)-1,5))) | R12: =IF($K12=0,100000,IF(Partecipanti!$B$9=$C12,100000,COUNTIF($S$6:$S11,Partecipanti!$B$9)*100+MOD(5-MATCH($C12,Partecipanti!$B$5:$B$9,0)-1,5))) | S12: =IF(OR($E12=0,$M12=1),"",IF(MIN($N12:$R12)>=100000,"DA ASSEGNARE",INDEX(Partecipanti!$B$5:$B$9,MATCH(MIN($N12:$R12),$N12:$R12,0)))) | T12: =IF(AND($F12=1,$S12<>"",$S12<>"DA ASSEGNARE"),$S12,"") | U12: =IF($M12=1,$L12,IF($E12=0,$C12,$S12)) | V12: =IF($M12=1,"Recupero",IF($E12=0,"Ordinario",IF($S12="DA ASSEGNARE","DA ASSEGNARE","Sostituzione (doppio turno)"))) | W12: =IF(OR($M12=1,$E12=1),$C12,"") | X12: =IF($M12=1,$L12&" recupera il turno saltato nella settimana "&($A12-1)&"; "&$C12&" a riposo compensativo",IF($E12=1,$C12&" assente ("&$D12&")"&IF($S12="DA ASSEGNARE","; nessun sostituto disponibile","; sostituisce "&$S12&" con doppio turno")&IF($F12=1,"; turno da recuperare nella settimana "&($A12+1),"; turno non da recuperare"),"")) | Y12: =IF($M12=1,"recupera il turno saltato nella settimana "&($A12-1)&", "&$C12&" a riposo",IF($E12=1,IF($S12="DA ASSEGNARE","turno da assegnare: "&$C12&" assente","in sostituzione di "&$C12&", doppio turno"),""))
A13: 2 | B13: 46302 | C13: =Partecipanti!$B$7 | D13: =IF(COUNTIFS(A_PERS,$C13,A_SETT,$A13,A_TIPO,"Licenza - settimana intera")>0,"Licenza - settimana intera",IF(COUNTIFS(A_PERS,$C13,A_SETT,$A13,A_TIPO,"Attività esterna - settimana intera")>0,"Attività esterna - settimana intera",IF(COUNTIFS(A_PERS,$C13,A_DATA,$B13)>0,INDEX(A_TIPO,MATCH(1,INDEX((A_PERS=$C13)*(A_DATA=$B13),0),0)),""))) | E13: =IF($D13="",0,1) | F13: =IF($E13=0,0,IF(OR($D13="Licenza - settimana intera",$D13="Attività esterna - settimana intera"),0,1)) | G13: =IF(COUNTIFS(A_PERS,Partecipanti!$B$5,A_DATA,$B13)+COUNTIFS(A_PERS,Partecipanti!$B$5,A_SETT,$A13,A_TIPO,"Licenza - settimana intera")+COUNTIFS(A_PERS,Partecipanti!$B$5,A_SETT,$A13,A_TIPO,"Attività esterna - settimana intera")>0,0,1) | H13: =IF(COUNTIFS(A_PERS,Partecipanti!$B$6,A_DATA,$B13)+COUNTIFS(A_PERS,Partecipanti!$B$6,A_SETT,$A13,A_TIPO,"Licenza - settimana intera")+COUNTIFS(A_PERS,Partecipanti!$B$6,A_SETT,$A13,A_TIPO,"Attività esterna - settimana intera")>0,0,1) | I13: =IF(COUNTIFS(A_PERS,Partecipanti!$B$7,A_DATA,$B13)+COUNTIFS(A_PERS,Partecipanti!$B$7,A_SETT,$A13,A_TIPO,"Licenza - settimana intera")+COUNTIFS(A_PERS,Partecipanti!$B$7,A_SETT,$A13,A_TIPO,"Attività esterna - settimana intera")>0,0,1) | J13: =IF(COUNTIFS(A_PERS,Partecipanti!$B$8,A_DATA,$B13)+COUNTIFS(A_PERS,Partecipanti!$B$8,A_SETT,$A13,A_TIPO,"Licenza - settimana intera")+COUNTIFS(A_PERS,Partecipanti!$B$8,A_SETT,$A13,A_TIPO,"Attività esterna - settimana intera")>0,0,1) | K13: =IF(COUNTIFS(A_PERS,Partecipanti!$B$9,A_DATA,$B13)+COUNTIFS(A_PERS,Partecipanti!$B$9,A_SETT,$A13,A_TIPO,"Licenza - settimana intera")+COUNTIFS(A_PERS,Partecipanti!$B$9,A_SETT,$A13,A_TIPO,"Attività esterna - settimana intera")>0,0,1) | L13: =IFERROR(INDEX($C6:$C10,MATCH(1,INDEX(($T6:$T10=$C13)*1,0),0)),"") | M13: =IF($L13="",0,IF(INDEX($G13:$K13,MATCH($L13,Partecipanti!$B$5:$B$9,0))=1,1,0)) | N13: =IF($G13=0,100000,IF(Partecipanti!$B$5=$C13,100000,COUNTIF($S$6:$S12,Partecipanti!$B$5)*100+MOD(1-MATCH($C13,Partecipanti!$B$5:$B$9,0)-1,5))) | O13: =IF($H13=0,100000,IF(Partecipanti!$B$6=$C13,100000,COUNTIF($S$6:$S12,Partecipanti!$B$6)*100+MOD(2-MATCH($C13,Partecipanti!$B$5:$B$9,0)-1,5))) | P13: =IF($I13=0,100000,IF(Partecipanti!$B$7=$C13,100000,COUNTIF($S$6:$S12,Partecipanti!$B$7)*100+MOD(3-MATCH($C13,Partecipanti!$B$5:$B$9,0)-1,5))) | Q13: =IF($J13=0,100000,IF(Partecipanti!$B$8=$C13,100000,COUNTIF($S$6:$S12,Partecipanti!$B$8)*100+MOD(4-MATCH($C13,Partecipanti!$B$5:$B$9,0)-1,5))) | R13: =IF($K13=0,100000,IF(Partecipanti!$B$9=$C13,100000,COUNTIF($S$6:$S12,Partecipanti!$B$9)*100+MOD(5-MATCH($C13,Partecipanti!$B$5:$B$9,0)-1,5))) | S13: =IF(OR($E13=0,$M13=1),"",IF(MIN($N13:$R13)>=100000,"DA ASSEGNARE",INDEX(Partecipanti!$B$5:$B$9,MATCH(MIN($N13:$R13),$N13:$R13,0)))) | T13: =IF(AND($F13=1,$S13<>"",$S13<>"DA ASSEGNARE"),$S13,"") | U13: =IF($M13=1,$L13,IF($E13=0,$C13,$S13)) | V13: =IF($M13=1,"Recupero",IF($E13=0,"Ordinario",IF($S13="DA ASSEGNARE","DA ASSEGNARE","Sostituzione (doppio turno)"))) | W13: =IF(OR($M13=1,$E13=1),$C13,"") | X13: =IF($M13=1,$L13&" recupera il turno saltato nella settimana "&($A13-1)&"; "&$C13&" a riposo compensativo",IF($E13=1,$C13&" assente ("&$D13&")"&IF($S13="DA ASSEGNARE","; nessun sostituto disponibile","; sostituisce "&$S13&" con doppio turno")&IF($F13=1,"; turno da recuperare nella settimana "&($A13+1),"; turno non da recuperare"),"")) | Y13: =IF($M13=1,"recupera il turno saltato nella settimana "&($A13-1)&", "&$C13&" a riposo",IF($E13=1,IF($S13="DA ASSEGNARE","turno da assegnare: "&$C13&" assente","in sostituzione di "&$C13&", doppio turno"),""))
A14: 2 | B14: 46303 | C14: =Partecipanti!$B$8 | D14: =IF(COUNTIFS(A_PERS,$C14,A_SETT,$A14,A_TIPO,"Licenza - settimana intera")>0,"Licenza - settimana intera",IF(COUNTIFS(A_PERS,$C14,A_SETT,$A14,A_TIPO,"Attività esterna - settimana intera")>0,"Attività esterna - settimana intera",IF(COUNTIFS(A_PERS,$C14,A_DATA,$B14)>0,INDEX(A_TIPO,MATCH(1,INDEX((A_PERS=$C14)*(A_DATA=$B14),0),0)),""))) | E14: =IF($D14="",0,1) | F14: =IF($E14=0,0,IF(OR($D14="Licenza - settimana intera",$D14="Attività esterna - settimana intera"),0,1)) | G14: =IF(COUNTIFS(A_PERS,Partecipanti!$B$5,A_DATA,$B14)+COUNTIFS(A_PERS,Partecipanti!$B$5,A_SETT,$A14,A_TIPO,"Licenza - settimana intera")+COUNTIFS(A_PERS,Partecipanti!$B$5,A_SETT,$A14,A_TIPO,"Attività esterna - settimana intera")>0,0,1) | H14: =IF(COUNTIFS(A_PERS,Partecipanti!$B$6,A_DATA,$B14)+COUNTIFS(A_PERS,Partecipanti!$B$6,A_SETT,$A14,A_TIPO,"Licenza - settimana intera")+COUNTIFS(A_PERS,Partecipanti!$B$6,A_SETT,$A14,A_TIPO,"Attività esterna - settimana intera")>0,0,1) | I14: =IF(COUNTIFS(A_PERS,Partecipanti!$B$7,A_DATA,$B14)+COUNTIFS(A_PERS,Partecipanti!$B$7,A_SETT,$A14,A_TIPO,"Licenza - settimana intera")+COUNTIFS(A_PERS,Partecipanti!$B$7,A_SETT,$A14,A_TIPO,"Attività esterna - settimana intera")>0,0,1) | J14: =IF(COUNTIFS(A_PERS,Partecipanti!$B$8,A_DATA,$B14)+COUNTIFS(A_PERS,Partecipanti!$B$8,A_SETT,$A14,A_TIPO,"Licenza - settimana intera")+COUNTIFS(A_PERS,Partecipanti!$B$8,A_SETT,$A14,A_TIPO,"Attività esterna - settimana intera")>0,0,1) | K14: =IF(COUNTIFS(A_PERS,Partecipanti!$B$9,A_DATA,$B14)+COUNTIFS(A_PERS,Partecipanti!$B$9,A_SETT,$A14,A_TIPO,"Licenza - settimana intera")+COUNTIFS(A_PERS,Partecipanti!$B$9,A_SETT,$A14,A_TIPO,"Attività esterna - settimana intera")>0,0,1) | L14: =IFERROR(INDEX($C6:$C10,MATCH(1,INDEX(($T6:$T10=$C14)*1,0),0)),"") | M14: =IF($L14="",0,IF(INDEX($G14:$K14,MATCH($L14,Partecipanti!$B$5:$B$9,0))=1,1,0)) | N14: =IF($G14=0,100000,IF(Partecipanti!$B$5=$C14,100000,COUNTIF($S$6:$S13,Partecipanti!$B$5)*100+MOD(1-MATCH($C14,Partecipanti!$B$5:$B$9,0)-1,5))) | O14: =IF($H14=0,100000,IF(Partecipanti!$B$6=$C14,100000,COUNTIF($S$6:$S13,Partecipanti!$B$6)*100+MOD(2-MATCH($C14,Partecipanti!$B$5:$B$9,0)-1,5))) | P14: =IF($I14=0,100000,IF(Partecipanti!$B$7=$C14,100000,COUNTIF($S$6:$S13,Partecipanti!$B$7)*100+MOD(3-MATCH($C14,Partecipanti!$B$5:$B$9,0)-1,5))) | Q14: =IF($J14=0,100000,IF(Partecipanti!$B$8=$C14,100000,COUNTIF($S$6:$S13,Partecipanti!$B$8)*100+MOD(4-MATCH($C14,Partecipanti!$B$5:$B$9,0)-1,5))) | R14: =IF($K14=0,100000,IF(Partecipanti!$B$9=$C14,100000,COUNTIF($S$6:$S13,Partecipanti!$B$9)*100+MOD(5-MATCH($C14,Partecipanti!$B$5:$B$9,0)-1,5))) | S14: =IF(OR($E14=0,$M14=1),"",IF(MIN($N14:$R14)>=100000,"DA ASSEGNARE",INDEX(Partecipanti!$B$5:$B$9,MATCH(MIN($N14:$R14),$N14:$R14,0)))) | T14: =IF(AND($F14=1,$S14<>"",$S14<>"DA ASSEGNARE"),$S14,"") | U14: =IF($M14=1,$L14,IF($E14=0,$C14,$S14)) | V14: =IF($M14=1,"Recupero",IF($E14=0,"Ordinario",IF($S14="DA ASSEGNARE","DA ASSEGNARE","Sostituzione (doppio turno)"))) | W14: =IF(OR($M14=1,$E14=1),$C14,"") | X14: =IF($M14=1,$L14&" recupera il turno saltato nella settimana "&($A14-1)&"; "&$C14&" a riposo compensativo",IF($E14=1,$C14&" assente ("&$D14&")"&IF($S14="DA ASSEGNARE","; nessun sostituto disponibile","; sostituisce "&$S14&" con doppio turno")&IF($F14=1,"; turno da recuperare nella settimana "&($A14+1),"; turno non da recuperare"),"")) | Y14: =IF($M14=1,"recupera il turno saltato nella settimana "&($A14-1)&", "&$C14&" a riposo",IF($E14=1,IF($S14="DA ASSEGNARE","turno da assegnare: "&$C14&" assente","in sostituzione di "&$C14&", doppio turno"),""))
A15: 2 | B15: 46304 | C15: =Partecipanti!$B$9 | D15: =IF(COUNTIFS(A_PERS,$C15,A_SETT,$A15,A_TIPO,"Licenza - settimana intera")>0,"Licenza - settimana intera",IF(COUNTIFS(A_PERS,$C15,A_SETT,$A15,A_TIPO,"Attività esterna - settimana intera")>0,"Attività esterna - settimana intera",IF(COUNTIFS(A_PERS,$C15,A_DATA,$B15)>0,INDEX(A_TIPO,MATCH(1,INDEX((A_PERS=$C15)*(A_DATA=$B15),0),0)),""))) | E15: =IF($D15="",0,1) | F15: =IF($E15=0,0,IF(OR($D15="Licenza - settimana intera",$D15="Attività esterna - settimana intera"),0,1)) | G15: =IF(COUNTIFS(A_PERS,Partecipanti!$B$5,A_DATA,$B15)+COUNTIFS(A_PERS,Partecipanti!$B$5,A_SETT,$A15,A_TIPO,"Licenza - settimana intera")+COUNTIFS(A_PERS,Partecipanti!$B$5,A_SETT,$A15,A_TIPO,"Attività esterna - settimana intera")>0,0,1) | H15: =IF(COUNTIFS(A_PERS,Partecipanti!$B$6,A_DATA,$B15)+COUNTIFS(A_PERS,Partecipanti!$B$6,A_SETT,$A15,A_TIPO,"Licenza - settimana intera")+COUNTIFS(A_PERS,Partecipanti!$B$6,A_SETT,$A15,A_TIPO,"Attività esterna - settimana intera")>0,0,1) | I15: =IF(COUNTIFS(A_PERS,Partecipanti!$B$7,A_DATA,$B15)+COUNTIFS(A_PERS,Partecipanti!$B$7,A_SETT,$A15,A_TIPO,"Licenza - settimana intera")+COUNTIFS(A_PERS,Partecipanti!$B$7,A_SETT,$A15,A_TIPO,"Attività esterna - settimana intera")>0,0,1) | J15: =IF(COUNTIFS(A_PERS,Partecipanti!$B$8,A_DATA,$B15)+COUNTIFS(A_PERS,Partecipanti!$B$8,A_SETT,$A15,A_TIPO,"Licenza - settimana intera")+COUNTIFS(A_PERS,Partecipanti!$B$8,A_SETT,$A15,A_TIPO,"Attività esterna - settimana intera")>0,0,1) | K15: =IF(COUNTIFS(A_PERS,Partecipanti!$B$9,A_DATA,$B15)+COUNTIFS(A_PERS,Partecipanti!$B$9,A_SETT,$A15,A_TIPO,"Licenza - settimana intera")+COUNTIFS(A_PERS,Partecipanti!$B$9,A_SETT,$A15,A_TIPO,"Attività esterna - settimana intera")>0,0,1) | L15: =IFERROR(INDEX($C6:$C10,MATCH(1,INDEX(($T6:$T10=$C15)*1,0),0)),"") | M15: =IF($L15="",0,IF(INDEX($G15:$K15,MATCH($L15,Partecipanti!$B$5:$B$9,0))=1,1,0)) | N15: =IF($G15=0,100000,IF(Partecipanti!$B$5=$C15,100000,COUNTIF($S$6:$S14,Partecipanti!$B$5)*100+MOD(1-MATCH($C15,Partecipanti!$B$5:$B$9,0)-1,5))) | O15: =IF($H15=0,100000,IF(Partecipanti!$B$6=$C15,100000,COUNTIF($S$6:$S14,Partecipanti!$B$6)*100+MOD(2-MATCH($C15,Partecipanti!$B$5:$B$9,0)-1,5))) | P15: =IF($I15=0,100000,IF(Partecipanti!$B$7=$C15,100000,COUNTIF($S$6:$S14,Partecipanti!$B$7)*100+MOD(3-MATCH($C15,Partecipanti!$B$5:$B$9,0)-1,5))) | Q15: =IF($J15=0,100000,IF(Partecipanti!$B$8=$C15,100000,COUNTIF($S$6:$S14,Partecipanti!$B$8)*100+MOD(4-MATCH($C15,Partecipanti!$B$5:$B$9,0)-1,5))) | R15: =IF($K15=0,100000,IF(Partecipanti!$B$9=$C15,100000,COUNTIF($S$6:$S14,Partecipanti!$B$9)*100+MOD(5-MATCH($C15,Partecipanti!$B$5:$B$9,0)-1,5))) | S15: =IF(OR($E15=0,$M15=1),"",IF(MIN($N15:$R15)>=100000,"DA ASSEGNARE",INDEX(Partecipanti!$B$5:$B$9,MATCH(MIN($N15:$R15),$N15:$R15,0)))) | T15: =IF(AND($F15=1,$S15<>"",$S15<>"DA ASSEGNARE"),$S15,"") | U15: =IF($M15=1,$L15,IF($E15=0,$C15,$S15)) | V15: =IF($M15=1,"Recupero",IF($E15=0,"Ordinario",IF($S15="DA ASSEGNARE","DA ASSEGNARE","Sostituzione (doppio turno)"))) | W15: =IF(OR($M15=1,$E15=1),$C15,"") | X15: =IF($M15=1,$L15&" recupera il turno saltato nella settimana "&($A15-1)&"; "&$C15&" a riposo compensativo",IF($E15=1,$C15&" assente ("&$D15&")"&IF($S15="DA ASSEGNARE","; nessun sostituto disponibile","; sostituisce "&$S15&" con doppio turno")&IF($F15=1,"; turno da recuperare nella settimana "&($A15+1),"; turno non da recuperare"),"")) | Y15: =IF($M15=1,"recupera il turno saltato nella settimana "&($A15-1)&", "&$C15&" a riposo",IF($E15=1,IF($S15="DA ASSEGNARE","turno da assegnare: "&$C15&" assente","in sostituzione di "&$C15&", doppio turno"),""))
A16: 3 | B16: 46307 | C16: =Partecipanti!$B$5 | D16: =IF(COUNTIFS(A_PERS,$C16,A_SETT,$A16,A_TIPO,"Licenza - settimana intera")>0,"Licenza - settimana intera",IF(COUNTIFS(A_PERS,$C16,A_SETT,$A16,A_TIPO,"Attività esterna - settimana intera")>0,"Attività esterna - settimana intera",IF(COUNTIFS(A_PERS,$C16,A_DATA,$B16)>0,INDEX(A_TIPO,MATCH(1,INDEX((A_PERS=$C16)*(A_DATA=$B16),0),0)),""))) | E16: =IF($D16="",0,1) | F16: =IF($E16=0,0,IF(OR($D16="Licenza - settimana intera",$D16="Attività esterna - settimana intera"),0,1)) | G16: =IF(COUNTIFS(A_PERS,Partecipanti!$B$5,A_DATA,$B16)+COUNTIFS(A_PERS,Partecipanti!$B$5,A_SETT,$A16,A_TIPO,"Licenza - settimana intera")+COUNTIFS(A_PERS,Partecipanti!$B$5,A_SETT,$A16,A_TIPO,"Attività esterna - settimana intera")>0,0,1) | H16: =IF(COUNTIFS(A_PERS,Partecipanti!$B$6,A_DATA,$B16)+COUNTIFS(A_PERS,Partecipanti!$B$6,A_SETT,$A16,A_TIPO,"Licenza - settimana intera")+COUNTIFS(A_PERS,Partecipanti!$B$6,A_SETT,$A16,A_TIPO,"Attività esterna - settimana intera")>0,0,1) | I16: =IF(COUNTIFS(A_PERS,Partecipanti!$B$7,A_DATA,$B16)+COUNTIFS(A_PERS,Partecipanti!$B$7,A_SETT,$A16,A_TIPO,"Licenza - settimana intera")+COUNTIFS(A_PERS,Partecipanti!$B$7,A_SETT,$A16,A_TIPO,"Attività esterna - settimana intera")>0,0,1) | J16: =IF(COUNTIFS(A_PERS,Partecipanti!$B$8,A_DATA,$B16)+COUNTIFS(A_PERS,Partecipanti!$B$8,A_SETT,$A16,A_TIPO,"Licenza - settimana intera")+COUNTIFS(A_PERS,Partecipanti!$B$8,A_SETT,$A16,A_TIPO,"Attività esterna - settimana intera")>0,0,1) | K16: =IF(COUNTIFS(A_PERS,Partecipanti!$B$9,A_DATA,$B16)+COUNTIFS(A_PERS,Partecipanti!$B$9,A_SETT,$A16,A_TIPO,"Licenza - settimana intera")+COUNTIFS(A_PERS,Partecipanti!$B$9,A_SETT,$A16,A_TIPO,"Attività esterna - settimana intera")>0,0,1) | L16: =IFERROR(INDEX($C11:$C15,MATCH(1,INDEX(($T11:$T15=$C16)*1,0),0)),"") | M16: =IF($L16="",0,IF(INDEX($G16:$K16,MATCH($L16,Partecipanti!$B$5:$B$9,0))=1,1,0)) | N16: =IF($G16=0,100000,IF(Partecipanti!$B$5=$C16,100000,COUNTIF($S$6:$S15,Partecipanti!$B$5)*100+MOD(1-MATCH($C16,Partecipanti!$B$5:$B$9,0)-1,5))) | O16: =IF($H16=0,100000,IF(Partecipanti!$B$6=$C16,100000,COUNTIF($S$6:$S15,Partecipanti!$B$6)*100+MOD(2-MATCH($C16,Partecipanti!$B$5:$B$9,0)-1,5))) | P16: =IF($I16=0,100000,IF(Partecipanti!$B$7=$C16,100000,COUNTIF($S$6:$S15,Partecipanti!$B$7)*100+MOD(3-MATCH($C16,Partecipanti!$B$5:$B$9,0)-1,5))) | Q16: =IF($J16=0,100000,IF(Partecipanti!$B$8=$C16,100000,COUNTIF($S$6:$S15,Partecipanti!$B$8)*100+MOD(4-MATCH($C16,Partecipanti!$B$5:$B$9,0)-1,5))) | R16: =IF($K16=0,100000,IF(Partecipanti!$B$9=$C16,100000,COUNTIF($S$6:$S15,Partecipanti!$B$9)*100+MOD(5-MATCH($C16,Partecipanti!$B$5:$B$9,0)-1,5))) | S16: =IF(OR($E16=0,$M16=1),"",IF(MIN($N16:$R16)>=100000,"DA ASSEGNARE",INDEX(Partecipanti!$B$5:$B$9,MATCH(MIN($N16:$R16),$N16:$R16,0)))) | T16: =IF(AND($F16=1,$S16<>"",$S16<>"DA ASSEGNARE"),$S16,"") | U16: =IF($M16=1,$L16,IF($E16=0,$C16,$S16)) | V16: =IF($M16=1,"Recupero",IF($E16=0,"Ordinario",IF($S16="DA ASSEGNARE","DA ASSEGNARE","Sostituzione (doppio turno)"))) | W16: =IF(OR($M16=1,$E16=1),$C16,"") | X16: =IF($M16=1,$L16&" recupera il turno saltato nella settimana "&($A16-1)&"; "&$C16&" a riposo compensativo",IF($E16=1,$C16&" assente ("&$D16&")"&IF($S16="DA ASSEGNARE","; nessun sostituto disponibile","; sostituisce "&$S16&" con doppio turno")&IF($F16=1,"; turno da recuperare nella settimana "&($A16+1),"; turno non da recuperare"),"")) | Y16: =IF($M16=1,"recupera il turno saltato nella settimana "&($A16-1)&", "&$C16&" a riposo",IF($E16=1,IF($S16="DA ASSEGNARE","turno da assegnare: "&$C16&" assente","in sostituzione di "&$C16&", doppio turno"),""))
A17: 3 | B17: 46308 | C17: =Partecipanti!$B$6 | D17: =IF(COUNTIFS(A_PERS,$C17,A_SETT,$A17,A_TIPO,"Licenza - settimana intera")>0,"Licenza - settimana intera",IF(COUNTIFS(A_PERS,$C17,A_SETT,$A17,A_TIPO,"Attività esterna - settimana intera")>0,"Attività esterna - settimana intera",IF(COUNTIFS(A_PERS,$C17,A_DATA,$B17)>0,INDEX(A_TIPO,MATCH(1,INDEX((A_PERS=$C17)*(A_DATA=$B17),0),0)),""))) | E17: =IF($D17="",0,1) | F17: =IF($E17=0,0,IF(OR($D17="Licenza - settimana intera",$D17="Attività esterna - settimana intera"),0,1)) | G17: =IF(COUNTIFS(A_PERS,Partecipanti!$B$5,A_DATA,$B17)+COUNTIFS(A_PERS,Partecipanti!$B$5,A_SETT,$A17,A_TIPO,"Licenza - settimana intera")+COUNTIFS(A_PERS,Partecipanti!$B$5,A_SETT,$A17,A_TIPO,"Attività esterna - settimana intera")>0,0,1) | H17: =IF(COUNTIFS(A_PERS,Partecipanti!$B$6,A_DATA,$B17)+COUNTIFS(A_PERS,Partecipanti!$B$6,A_SETT,$A17,A_TIPO,"Licenza - settimana intera")+COUNTIFS(A_PERS,Partecipanti!$B$6,A_SETT,$A17,A_TIPO,"Attività esterna - settimana intera")>0,0,1) | I17: =IF(COUNTIFS(A_PERS,Partecipanti!$B$7,A_DATA,$B17)+COUNTIFS(A_PERS,Partecipanti!$B$7,A_SETT,$A17,A_TIPO,"Licenza - settimana intera")+COUNTIFS(A_PERS,Partecipanti!$B$7,A_SETT,$A17,A_TIPO,"Attività esterna - settimana intera")>0,0,1) | J17: =IF(COUNTIFS(A_PERS,Partecipanti!$B$8,A_DATA,$B17)+COUNTIFS(A_PERS,Partecipanti!$B$8,A_SETT,$A17,A_TIPO,"Licenza - settimana intera")+COUNTIFS(A_PERS,Partecipanti!$B$8,A_SETT,$A17,A_TIPO,"Attività esterna - settimana intera")>0,0,1) | K17: =IF(COUNTIFS(A_PERS,Partecipanti!$B$9,A_DATA,$B17)+COUNTIFS(A_PERS,Partecipanti!$B$9,A_SETT,$A17,A_TIPO,"Licenza - settimana intera")+COUNTIFS(A_PERS,Partecipanti!$B$9,A_SETT,$A17,A_TIPO,"Attività esterna - settimana intera")>0,0,1) | L17: =IFERROR(INDEX($C11:$C15,MATCH(1,INDEX(($T11:$T15=$C17)*1,0),0)),"") | M17: =IF($L17="",0,IF(INDEX($G17:$K17,MATCH($L17,Partecipanti!$B$5:$B$9,0))=1,1,0)) | N17: =IF($G17=0,100000,IF(Partecipanti!$B$5=$C17,100000,COUNTIF($S$6:$S16,Partecipanti!$B$5)*100+MOD(1-MATCH($C17,Partecipanti!$B$5:$B$9,0)-1,5))) | O17: =IF($H17=0,100000,IF(Partecipanti!$B$6=$C17,100000,COUNTIF($S$6:$S16,Partecipanti!$B$6)*100+MOD(2-MATCH($C17,Partecipanti!$B$5:$B$9,0)-1,5))) | P17: =IF($I17=0,100000,IF(Partecipanti!$B$7=$C17,100000,COUNTIF($S$6:$S16,Partecipanti!$B$7)*100+MOD(3-MATCH($C17,Partecipanti!$B$5:$B$9,0)-1,5))) | Q17: =IF($J17=0,100000,IF(Partecipanti!$B$8=$C17,100000,COUNTIF($S$6:$S16,Partecipanti!$B$8)*100+MOD(4-MATCH($C17,Partecipanti!$B$5:$B$9,0)-1,5))) | R17: =IF($K17=0,100000,IF(Partecipanti!$B$9=$C17,100000,COUNTIF($S$6:$S16,Partecipanti!$B$9)*100+MOD(5-MATCH($C17,Partecipanti!$B$5:$B$9,0)-1,5))) | S17: =IF(OR($E17=0,$M17=1),"",IF(MIN($N17:$R17)>=100000,"DA ASSEGNARE",INDEX(Partecipanti!$B$5:$B$9,MATCH(MIN($N17:$R17),$N17:$R17,0)))) | T17: =IF(AND($F17=1,$S17<>"",$S17<>"DA ASSEGNARE"),$S17,"") | U17: =IF($M17=1,$L17,IF($E17=0,$C17,$S17)) | V17: =IF($M17=1,"Recupero",IF($E17=0,"Ordinario",IF($S17="DA ASSEGNARE","DA ASSEGNARE","Sostituzione (doppio turno)"))) | W17: =IF(OR($M17=1,$E17=1),$C17,"") | X17: =IF($M17=1,$L17&" recupera il turno saltato nella settimana "&($A17-1)&"; "&$C17&" a riposo compensativo",IF($E17=1,$C17&" assente ("&$D17&")"&IF($S17="DA ASSEGNARE","; nessun sostituto disponibile","; sostituisce "&$S17&" con doppio turno")&IF($F17=1,"; turno da recuperare nella settimana "&($A17+1),"; turno non da recuperare"),"")) | Y17: =IF($M17=1,"recupera il turno saltato nella settimana "&($A17-1)&", "&$C17&" a riposo",IF($E17=1,IF($S17="DA ASSEGNARE","turno da assegnare: "&$C17&" assente","in sostituzione di "&$C17&", doppio turno"),""))
A18: 3 | B18: 46309 | C18: =Partecipanti!$B$7 | D18: =IF(COUNTIFS(A_PERS,$C18,A_SETT,$A18,A_TIPO,"Licenza - settimana intera")>0,"Licenza - settimana intera",IF(COUNTIFS(A_PERS,$C18,A_SETT,$A18,A_TIPO,"Attività esterna - settimana intera")>0,"Attività esterna - settimana intera",IF(COUNTIFS(A_PERS,$C18,A_DATA,$B18)>0,INDEX(A_TIPO,MATCH(1,INDEX((A_PERS=$C18)*(A_DATA=$B18),0),0)),""))) | E18: =IF($D18="",0,1) | F18: =IF($E18=0,0,IF(OR($D18="Licenza - settimana intera",$D18="Attività esterna - settimana intera"),0,1)) | G18: =IF(COUNTIFS(A_PERS,Partecipanti!$B$5,A_DATA,$B18)+COUNTIFS(A_PERS,Partecipanti!$B$5,A_SETT,$A18,A_TIPO,"Licenza - settimana intera")+COUNTIFS(A_PERS,Partecipanti!$B$5,A_SETT,$A18,A_TIPO,"Attività esterna - settimana intera")>0,0,1) | H18: =IF(COUNTIFS(A_PERS,Partecipanti!$B$6,A_DATA,$B18)+COUNTIFS(A_PERS,Partecipanti!$B$6,A_SETT,$A18,A_TIPO,"Licenza - settimana intera")+COUNTIFS(A_PERS,Partecipanti!$B$6,A_SETT,$A18,A_TIPO,"Attività esterna - settimana intera")>0,0,1) | I18: =IF(COUNTIFS(A_PERS,Partecipanti!$B$7,A_DATA,$B18)+COUNTIFS(A_PERS,Partecipanti!$B$7,A_SETT,$A18,A_TIPO,"Licenza - settimana intera")+COUNTIFS(A_PERS,Partecipanti!$B$7,A_SETT,$A18,A_TIPO,"Attività esterna - settimana intera")>0,0,1) | J18: =IF(COUNTIFS(A_PERS,Partecipanti!$B$8,A_DATA,$B18)+COUNTIFS(A_PERS,Partecipanti!$B$8,A_SETT,$A18,A_TIPO,"Licenza - settimana intera")+COUNTIFS(A_PERS,Partecipanti!$B$8,A_SETT,$A18,A_TIPO,"Attività esterna - settimana intera")>0,0,1) | K18: =IF(COUNTIFS(A_PERS,Partecipanti!$B$9,A_DATA,$B18)+COUNTIFS(A_PERS,Partecipanti!$B$9,A_SETT,$A18,A_TIPO,"Licenza - settimana intera")+COUNTIFS(A_PERS,Partecipanti!$B$9,A_SETT,$A18,A_TIPO,"Attività esterna - settimana intera")>0,0,1) | L18: =IFERROR(INDEX($C11:$C15,MATCH(1,INDEX(($T11:$T15=$C18)*1,0),0)),"") | M18: =IF($L18="",0,IF(INDEX($G18:$K18,MATCH($L18,Partecipanti!$B$5:$B$9,0))=1,1,0)) | N18: =IF($G18=0,100000,IF(Partecipanti!$B$5=$C18,100000,COUNTIF($S$6:$S17,Partecipanti!$B$5)*100+MOD(1-MATCH($C18,Partecipanti!$B$5:$B$9,0)-1,5))) | O18: =IF($H18=0,100000,IF(Partecipanti!$B$6=$C18,100000,COUNTIF($S$6:$S17,Partecipanti!$B$6)*100+MOD(2-MATCH($C18,Partecipanti!$B$5:$B$9,0)-1,5))) | P18: =IF($I18=0,100000,IF(Partecipanti!$B$7=$C18,100000,COUNTIF($S$6:$S17,Partecipanti!$B$7)*100+MOD(3-MATCH($C18,Partecipanti!$B$5:$B$9,0)-1,5))) | Q18: =IF($J18=0,100000,IF(Partecipanti!$B$8=$C18,100000,COUNTIF($S$6:$S17,Partecipanti!$B$8)*100+MOD(4-MATCH($C18,Partecipanti!$B$5:$B$9,0)-1,5))) | R18: =IF($K18=0,100000,IF(Partecipanti!$B$9=$C18,100000,COUNTIF($S$6:$S17,Partecipanti!$B$9)*100+MOD(5-MATCH($C18,Partecipanti!$B$5:$B$9,0)-1,5))) | S18: =IF(OR($E18=0,$M18=1),"",IF(MIN($N18:$R18)>=100000,"DA ASSEGNARE",INDEX(Partecipanti!$B$5:$B$9,MATCH(MIN($N18:$R18),$N18:$R18,0)))) | T18: =IF(AND($F18=1,$S18<>"",$S18<>"DA ASSEGNARE"),$S18,"") | U18: =IF($M18=1,$L18,IF($E18=0,$C18,$S18)) | V18: =IF($M18=1,"Recupero",IF($E18=0,"Ordinario",IF($S18="DA ASSEGNARE","DA ASSEGNARE","Sostituzione (doppio turno)"))) | W18: =IF(OR($M18=1,$E18=1),$C18,"") | X18: =IF($M18=1,$L18&" recupera il turno saltato nella settimana "&($A18-1)&"; "&$C18&" a riposo compensativo",IF($E18=1,$C18&" assente ("&$D18&")"&IF($S18="DA ASSEGNARE","; nessun sostituto disponibile","; sostituisce "&$S18&" con doppio turno")&IF($F18=1,"; turno da recuperare nella settimana "&($A18+1),"; turno non da recuperare"),"")) | Y18: =IF($M18=1,"recupera il turno saltato nella settimana "&($A18-1)&", "&$C18&" a riposo",IF($E18=1,IF($S18="DA ASSEGNARE","turno da assegnare: "&$C18&" assente","in sostituzione di "&$C18&", doppio turno"),""))
A19: 3 | B19: 46310 | C19: =Partecipanti!$B$8 | D19: =IF(COUNTIFS(A_PERS,$C19,A_SETT,$A19,A_TIPO,"Licenza - settimana intera")>0,"Licenza - settimana intera",IF(COUNTIFS(A_PERS,$C19,A_SETT,$A19,A_TIPO,"Attività esterna - settimana intera")>0,"Attività esterna - settimana intera",IF(COUNTIFS(A_PERS,$C19,A_DATA,$B19)>0,INDEX(A_TIPO,MATCH(1,INDEX((A_PERS=$C19)*(A_DATA=$B19),0),0)),""))) | E19: =IF($D19="",0,1) | F19: =IF($E19=0,0,IF(OR($D19="Licenza - settimana intera",$D19="Attività esterna - settimana intera"),0,1)) | G19: =IF(COUNTIFS(A_PERS,Partecipanti!$B$5,A_DATA,$B19)+COUNTIFS(A_PERS,Partecipanti!$B$5,A_SETT,$A19,A_TIPO,"Licenza - settimana intera")+COUNTIFS(A_PERS,Partecipanti!$B$5,A_SETT,$A19,A_TIPO,"Attività esterna - settimana intera")>0,0,1) | H19: =IF(COUNTIFS(A_PERS,Partecipanti!$B$6,A_DATA,$B19)+COUNTIFS(A_PERS,Partecipanti!$B$6,A_SETT,$A19,A_TIPO,"Licenza - settimana intera")+COUNTIFS(A_PERS,Partecipanti!$B$6,A_SETT,$A19,A_TIPO,"Attività esterna - settimana intera")>0,0,1) | I19: =IF(COUNTIFS(A_PERS,Partecipanti!$B$7,A_DATA,$B19)+COUNTIFS(A_PERS,Partecipanti!$B$7,A_SETT,$A19,A_TIPO,"Licenza - settimana intera")+COUNTIFS(A_PERS,Partecipanti!$B$7,A_SETT,$A19,A_TIPO,"Attività esterna - settimana intera")>0,0,1) | J19: =IF(COUNTIFS(A_PERS,Partecipanti!$B$8,A_DATA,$B19)+COUNTIFS(A_PERS,Partecipanti!$B$8,A_SETT,$A19,A_TIPO,"Licenza - settimana intera")+COUNTIFS(A_PERS,Partecipanti!$B$8,A_SETT,$A19,A_TIPO,"Attività esterna - settimana intera")>0,0,1) | K19: =IF(COUNTIFS(A_PERS,Partecipanti!$B$9,A_DATA,$B19)+COUNTIFS(A_PERS,Partecipanti!$B$9,A_SETT,$A19,A_TIPO,"Licenza - settimana intera")+COUNTIFS(A_PERS,Partecipanti!$B$9,A_SETT,$A19,A_TIPO,"Attività esterna - settimana intera")>0,0,1) | L19: =IFERROR(INDEX($C11:$C15,MATCH(1,INDEX(($T11:$T15=$C19)*1,0),0)),"") | M19: =IF($L19="",0,IF(INDEX($G19:$K19,MATCH($L19,Partecipanti!$B$5:$B$9,0))=1,1,0)) | N19: =IF($G19=0,100000,IF(Partecipanti!$B$5=$C19,100000,COUNTIF($S$6:$S18,Partecipanti!$B$5)*100+MOD(1-MATCH($C19,Partecipanti!$B$5:$B$9,0)-1,5))) | O19: =IF($H19=0,100000,IF(Partecipanti!$B$6=$C19,100000,COUNTIF($S$6:$S18,Partecipanti!$B$6)*100+MOD(2-MATCH($C19,Partecipanti!$B$5:$B$9,0)-1,5))) | P19: =IF($I19=0,100000,IF(Partecipanti!$B$7=$C19,100000,COUNTIF($S$6:$S18,Partecipanti!$B$7)*100+MOD(3-MATCH($C19,Partecipanti!$B$5:$B$9,0)-1,5))) | Q19: =IF($J19=0,100000,IF(Partecipanti!$B$8=$C19,100000,COUNTIF($S$6:$S18,Partecipanti!$B$8)*100+MOD(4-MATCH($C19,Partecipanti!$B$5:$B$9,0)-1,5))) | R19: =IF($K19=0,100000,IF(Partecipanti!$B$9=$C19,100000,COUNTIF($S$6:$S18,Partecipanti!$B$9)*100+MOD(5-MATCH($C19,Partecipanti!$B$5:$B$9,0)-1,5))) | S19: =IF(OR($E19=0,$M19=1),"",IF(MIN($N19:$R19)>=100000,"DA ASSEGNARE",INDEX(Partecipanti!$B$5:$B$9,MATCH(MIN($N19:$R19),$N19:$R19,0)))) | T19: =IF(AND($F19=1,$S19<>"",$S19<>"DA ASSEGNARE"),$S19,"") | U19: =IF($M19=1,$L19,IF($E19=0,$C19,$S19)) | V19: =IF($M19=1,"Recupero",IF($E19=0,"Ordinario",IF($S19="DA ASSEGNARE","DA ASSEGNARE","Sostituzione (doppio turno)"))) | W19: =IF(OR($M19=1,$E19=1),$C19,"") | X19: =IF($M19=1,$L19&" recupera il turno saltato nella settimana "&($A19-1)&"; "&$C19&" a riposo compensativo",IF($E19=1,$C19&" assente ("&$D19&")"&IF($S19="DA ASSEGNARE","; nessun sostituto disponibile","; sostituisce "&$S19&" con doppio turno")&IF($F19=1,"; turno da recuperare nella settimana "&($A19+1),"; turno non da recuperare"),"")) | Y19: =IF($M19=1,"recupera il turno saltato nella settimana "&($A19-1)&", "&$C19&" a riposo",IF($E19=1,IF($S19="DA ASSEGNARE","turno da assegnare: "&$C19&" assente","in sostituzione di "&$C19&", doppio turno"),""))
A20: 3 | B20: 46311 | C20: =Partecipanti!$B$9 | D20: =IF(COUNTIFS(A_PERS,$C20,A_SETT,$A20,A_TIPO,"Licenza - settimana intera")>0,"Licenza - settimana intera",IF(COUNTIFS(A_PERS,$C20,A_SETT,$A20,A_TIPO,"Attività esterna - settimana intera")>0,"Attività esterna - settimana intera",IF(COUNTIFS(A_PERS,$C20,A_DATA,$B20)>0,INDEX(A_TIPO,MATCH(1,INDEX((A_PERS=$C20)*(A_DATA=$B20),0),0)),""))) | E20: =IF($D20="",0,1) | F20: =IF($E20=0,0,IF(OR($D20="Licenza - settimana intera",$D20="Attività esterna - settimana intera"),0,1)) | G20: =IF(COUNTIFS(A_PERS,Partecipanti!$B$5,A_DATA,$B20)+COUNTIFS(A_PERS,Partecipanti!$B$5,A_SETT,$A20,A_TIPO,"Licenza - settimana intera")+COUNTIFS(A_PERS,Partecipanti!$B$5,A_SETT,$A20,A_TIPO,"Attività esterna - settimana intera")>0,0,1) | H20: =IF(COUNTIFS(A_PERS,Partecipanti!$B$6,A_DATA,$B20)+COUNTIFS(A_PERS,Partecipanti!$B$6,A_SETT,$A20,A_TIPO,"Licenza - settimana intera")+COUNTIFS(A_PERS,Partecipanti!$B$6,A_SETT,$A20,A_TIPO,"Attività esterna - settimana intera")>0,0,1) | I20: =IF(COUNTIFS(A_PERS,Partecipanti!$B$7,A_DATA,$B20)+COUNTIFS(A_PERS,Partecipanti!$B$7,A_SETT,$A20,A_TIPO,"Licenza - settimana intera")+COUNTIFS(A_PERS,Partecipanti!$B$7,A_SETT,$A20,A_TIPO,"Attività esterna - settimana intera")>0,0,1) | J20: =IF(COUNTIFS(A_PERS,Partecipanti!$B$8,A_DATA,$B20)+COUNTIFS(A_PERS,Partecipanti!$B$8,A_SETT,$A20,A_TIPO,"Licenza - settimana intera")+COUNTIFS(A_PERS,Partecipanti!$B$8,A_SETT,$A20,A_TIPO,"Attività esterna - settimana intera")>0,0,1) | K20: =IF(COUNTIFS(A_PERS,Partecipanti!$B$9,A_DATA,$B20)+COUNTIFS(A_PERS,Partecipanti!$B$9,A_SETT,$A20,A_TIPO,"Licenza - settimana intera")+COUNTIFS(A_PERS,Partecipanti!$B$9,A_SETT,$A20,A_TIPO,"Attività esterna - settimana intera")>0,0,1) | L20: =IFERROR(INDEX($C11:$C15,MATCH(1,INDEX(($T11:$T15=$C20)*1,0),0)),"") | M20: =IF($L20="",0,IF(INDEX($G20:$K20,MATCH($L20,Partecipanti!$B$5:$B$9,0))=1,1,0)) | N20: =IF($G20=0,100000,IF(Partecipanti!$B$5=$C20,100000,COUNTIF($S$6:$S19,Partecipanti!$B$5)*100+MOD(1-MATCH($C20,Partecipanti!$B$5:$B$9,0)-1,5))) | O20: =IF($H20=0,100000,IF(Partecipanti!$B$6=$C20,100000,COUNTIF($S$6:$S19,Partecipanti!$B$6)*100+MOD(2-MATCH($C20,Partecipanti!$B$5:$B$9,0)-1,5))) | P20: =IF($I20=0,100000,IF(Partecipanti!$B$7=$C20,100000,COUNTIF($S$6:$S19,Partecipanti!$B$7)*100+MOD(3-MATCH($C20,Partecipanti!$B$5:$B$9,0)-1,5))) | Q20: =IF($J20=0,100000,IF(Partecipanti!$B$8=$C20,100000,COUNTIF($S$6:$S19,Partecipanti!$B$8)*100+MOD(4-MATCH($C20,Partecipanti!$B$5:$B$9,0)-1,5))) | R20: =IF($K20=0,100000,IF(Partecipanti!$B$9=$C20,100000,COUNTIF($S$6:$S19,Partecipanti!$B$9)*100+MOD(5-MATCH($C20,Partecipanti!$B$5:$B$9,0)-1,5))) | S20: =IF(OR($E20=0,$M20=1),"",IF(MIN($N20:$R20)>=100000,"DA ASSEGNARE",INDEX(Partecipanti!$B$5:$B$9,MATCH(MIN($N20:$R20),$N20:$R20,0)))) | T20: =IF(AND($F20=1,$S20<>"",$S20<>"DA ASSEGNARE"),$S20,"") | U20: =IF($M20=1,$L20,IF($E20=0,$C20,$S20)) | V20: =IF($M20=1,"Recupero",IF($E20=0,"Ordinario",IF($S20="DA ASSEGNARE","DA ASSEGNARE","Sostituzione (doppio turno)"))) | W20: =IF(OR($M20=1,$E20=1),$C20,"") | X20: =IF($M20=1,$L20&" recupera il turno saltato nella settimana "&($A20-1)&"; "&$C20&" a riposo compensativo",IF($E20=1,$C20&" assente ("&$D20&")"&IF($S20="DA ASSEGNARE","; nessun sostituto disponibile","; sostituisce "&$S20&" con doppio turno")&IF($F20=1,"; turno da recuperare nella settimana "&($A20+1),"; turno non da recuperare"),"")) | Y20: =IF($M20=1,"recupera il turno saltato nella settimana "&($A20-1)&", "&$C20&" a riposo",IF($E20=1,IF($S20="DA ASSEGNARE","turno da assegnare: "&$C20&" assente","in sostituzione di "&$C20&", doppio turno"),""))
A21: 4 | B21: 46314 | C21: =Partecipanti!$B$5 | D21: =IF(COUNTIFS(A_PERS,$C21,A_SETT,$A21,A_TIPO,"Licenza - settimana intera")>0,"Licenza - settimana intera",IF(COUNTIFS(A_PERS,$C21,A_SETT,$A21,A_TIPO,"Attività esterna - settimana intera")>0,"Attività esterna - settimana intera",IF(COUNTIFS(A_PERS,$C21,A_DATA,$B21)>0,INDEX(A_TIPO,MATCH(1,INDEX((A_PERS=$C21)*(A_DATA=$B21),0),0)),""))) | E21: =IF($D21="",0,1) | F21: =IF($E21=0,0,IF(OR($D21="Licenza - settimana intera",$D21="Attività esterna - settimana intera"),0,1)) | G21: =IF(COUNTIFS(A_PERS,Partecipanti!$B$5,A_DATA,$B21)+COUNTIFS(A_PERS,Partecipanti!$B$5,A_SETT,$A21,A_TIPO,"Licenza - settimana intera")+COUNTIFS(A_PERS,Partecipanti!$B$5,A_SETT,$A21,A_TIPO,"Attività esterna - settimana intera")>0,0,1) | H21: =IF(COUNTIFS(A_PERS,Partecipanti!$B$6,A_DATA,$B21)+COUNTIFS(A_PERS,Partecipanti!$B$6,A_SETT,$A21,A_TIPO,"Licenza - settimana intera")+COUNTIFS(A_PERS,Partecipanti!$B$6,A_SETT,$A21,A_TIPO,"Attività esterna - settimana intera")>0,0,1) | I21: =IF(COUNTIFS(A_PERS,Partecipanti!$B$7,A_DATA,$B21)+COUNTIFS(A_PERS,Partecipanti!$B$7,A_SETT,$A21,A_TIPO,"Licenza - settimana intera")+COUNTIFS(A_PERS,Partecipanti!$B$7,A_SETT,$A21,A_TIPO,"Attività esterna - settimana intera")>0,0,1) | J21: =IF(COUNTIFS(A_PERS,Partecipanti!$B$8,A_DATA,$B21)+COUNTIFS(A_PERS,Partecipanti!$B$8,A_SETT,$A21,A_TIPO,"Licenza - settimana intera")+COUNTIFS(A_PERS,Partecipanti!$B$8,A_SETT,$A21,A_TIPO,"Attività esterna - settimana intera")>0,0,1) | K21: =IF(COUNTIFS(A_PERS,Partecipanti!$B$9,A_DATA,$B21)+COUNTIFS(A_PERS,Partecipanti!$B$9,A_SETT,$A21,A_TIPO,"Licenza - settimana intera")+COUNTIFS(A_PERS,Partecipanti!$B$9,A_SETT,$A21,A_TIPO,"Attività esterna - settimana intera")>0,0,1) | L21: =IFERROR(INDEX($C16:$C20,MATCH(1,INDEX(($T16:$T20=$C21)*1,0),0)),"") | M21: =IF($L21="",0,IF(INDEX($G21:$K21,MATCH($L21,Partecipanti!$B$5:$B$9,0))=1,1,0)) | N21: =IF($G21=0,100000,IF(Partecipanti!$B$5=$C21,100000,COUNTIF($S$6:$S20,Partecipanti!$B$5)*100+MOD(1-MATCH($C21,Partecipanti!$B$5:$B$9,0)-1,5))) | O21: =IF($H21=0,100000,IF(Partecipanti!$B$6=$C21,100000,COUNTIF($S$6:$S20,Partecipanti!$B$6)*100+MOD(2-MATCH($C21,Partecipanti!$B$5:$B$9,0)-1,5))) | P21: =IF($I21=0,100000,IF(Partecipanti!$B$7=$C21,100000,COUNTIF($S$6:$S20,Partecipanti!$B$7)*100+MOD(3-MATCH($C21,Partecipanti!$B$5:$B$9,0)-1,5))) | Q21: =IF($J21=0,100000,IF(Partecipanti!$B$8=$C21,100000,COUNTIF($S$6:$S20,Partecipanti!$B$8)*100+MOD(4-MATCH($C21,Partecipanti!$B$5:$B$9,0)-1,5))) | R21: =IF($K21=0,100000,IF(Partecipanti!$B$9=$C21,100000,COUNTIF($S$6:$S20,Partecipanti!$B$9)*100+MOD(5-MATCH($C21,Partecipanti!$B$5:$B$9,0)-1,5))) | S21: =IF(OR($E21=0,$M21=1),"",IF(MIN($N21:$R21)>=100000,"DA ASSEGNARE",INDEX(Partecipanti!$B$5:$B$9,MATCH(MIN($N21:$R21),$N21:$R21,0)))) | T21: =IF(AND($F21=1,$S21<>"",$S21<>"DA ASSEGNARE"),$S21,"") | U21: =IF($M21=1,$L21,IF($E21=0,$C21,$S21)) | V21: =IF($M21=1,"Recupero",IF($E21=0,"Ordinario",IF($S21="DA ASSEGNARE","DA ASSEGNARE","Sostituzione (doppio turno)"))) | W21: =IF(OR($M21=1,$E21=1),$C21,"") | X21: =IF($M21=1,$L21&" recupera il turno saltato nella settimana "&($A21-1)&"; "&$C21&" a riposo compensativo",IF($E21=1,$C21&" assente ("&$D21&")"&IF($S21="DA ASSEGNARE","; nessun sostituto disponibile","; sostituisce "&$S21&" con doppio turno")&IF($F21=1,"; turno da recuperare nella settimana "&($A21+1),"; turno non da recuperare"),"")) | Y21: =IF($M21=1,"recupera il turno saltato nella settimana "&($A21-1)&", "&$C21&" a riposo",IF($E21=1,IF($S21="DA ASSEGNARE","turno da assegnare: "&$C21&" assente","in sostituzione di "&$C21&", doppio turno"),""))
A22: 4 | B22: 46315 | C22: =Partecipanti!$B$6 | D22: =IF(COUNTIFS(A_PERS,$C22,A_SETT,$A22,A_TIPO,"Licenza - settimana intera")>0,"Licenza - settimana intera",IF(COUNTIFS(A_PERS,$C22,A_SETT,$A22,A_TIPO,"Attività esterna - settimana intera")>0,"Attività esterna - settimana intera",IF(COUNTIFS(A_PERS,$C22,A_DATA,$B22)>0,INDEX(A_TIPO,MATCH(1,INDEX((A_PERS=$C22)*(A_DATA=$B22),0),0)),""))) | E22: =IF($D22="",0,1) | F22: =IF($E22=0,0,IF(OR($D22="Licenza - settimana intera",$D22="Attività esterna - settimana intera"),0,1)) | G22: =IF(COUNTIFS(A_PERS,Partecipanti!$B$5,A_DATA,$B22)+COUNTIFS(A_PERS,Partecipanti!$B$5,A_SETT,$A22,A_TIPO,"Licenza - settimana intera")+COUNTIFS(A_PERS,Partecipanti!$B$5,A_SETT,$A22,A_TIPO,"Attività esterna - settimana intera")>0,0,1) | H22: =IF(COUNTIFS(A_PERS,Partecipanti!$B$6,A_DATA,$B22)+COUNTIFS(A_PERS,Partecipanti!$B$6,A_SETT,$A22,A_TIPO,"Licenza - settimana intera")+COUNTIFS(A_PERS,Partecipanti!$B$6,A_SETT,$A22,A_TIPO,"Attività esterna - settimana intera")>0,0,1) | I22: =IF(COUNTIFS(A_PERS,Partecipanti!$B$7,A_DATA,$B22)+COUNTIFS(A_PERS,Partecipanti!$B$7,A_SETT,$A22,A_TIPO,"Licenza - settimana intera")+COUNTIFS(A_PERS,Partecipanti!$B$7,A_SETT,$A22,A_TIPO,"Attività esterna - settimana intera")>0,0,1) | J22: =IF(COUNTIFS(A_PERS,Partecipanti!$B$8,A_DATA,$B22)+COUNTIFS(A_PERS,Partecipanti!$B$8,A_SETT,$A22,A_TIPO,"Licenza - settimana intera")+COUNTIFS(A_PERS,Partecipanti!$B$8,A_SETT,$A22,A_TIPO,"Attività esterna - settimana intera")>0,0,1) | K22: =IF(COUNTIFS(A_PERS,Partecipanti!$B$9,A_DATA,$B22)+COUNTIFS(A_PERS,Partecipanti!$B$9,A_SETT,$A22,A_TIPO,"Licenza - settimana intera")+COUNTIFS(A_PERS,Partecipanti!$B$9,A_SETT,$A22,A_TIPO,"Attività esterna - settimana intera")>0,0,1) | L22: =IFERROR(INDEX($C16:$C20,MATCH(1,INDEX(($T16:$T20=$C22)*1,0),0)),"") | M22: =IF($L22="",0,IF(INDEX($G22:$K22,MATCH($L22,Partecipanti!$B$5:$B$9,0))=1,1,0)) | N22: =IF($G22=0,100000,IF(Partecipanti!$B$5=$C22,100000,COUNTIF($S$6:$S21,Partecipanti!$B$5)*100+MOD(1-MATCH($C22,Partecipanti!$B$5:$B$9,0)-1,5))) | O22: =IF($H22=0,100000,IF(Partecipanti!$B$6=$C22,100000,COUNTIF($S$6:$S21,Partecipanti!$B$6)*100+MOD(2-MATCH($C22,Partecipanti!$B$5:$B$9,0)-1,5))) | P22: =IF($I22=0,100000,IF(Partecipanti!$B$7=$C22,100000,COUNTIF($S$6:$S21,Partecipanti!$B$7)*100+MOD(3-MATCH($C22,Partecipanti!$B$5:$B$9,0)-1,5))) | Q22: =IF($J22=0,100000,IF(Partecipanti!$B$8=$C22,100000,COUNTIF($S$6:$S21,Partecipanti!$B$8)*100+MOD(4-MATCH($C22,Partecipanti!$B$5:$B$9,0)-1,5))) | R22: =IF($K22=0,100000,IF(Partecipanti!$B$9=$C22,100000,COUNTIF($S$6:$S21,Partecipanti!$B$9)*100+MOD(5-MATCH($C22,Partecipanti!$B$5:$B$9,0)-1,5))) | S22: =IF(OR($E22=0,$M22=1),"",IF(MIN($N22:$R22)>=100000,"DA ASSEGNARE",INDEX(Partecipanti!$B$5:$B$9,MATCH(MIN($N22:$R22),$N22:$R22,0)))) | T22: =IF(AND($F22=1,$S22<>"",$S22<>"DA ASSEGNARE"),$S22,"") | U22: =IF($M22=1,$L22,IF($E22=0,$C22,$S22)) | V22: =IF($M22=1,"Recupero",IF($E22=0,"Ordinario",IF($S22="DA ASSEGNARE","DA ASSEGNARE","Sostituzione (doppio turno)"))) | W22: =IF(OR($M22=1,$E22=1),$C22,"") | X22: =IF($M22=1,$L22&" recupera il turno saltato nella settimana "&($A22-1)&"; "&$C22&" a riposo compensativo",IF($E22=1,$C22&" assente ("&$D22&")"&IF($S22="DA ASSEGNARE","; nessun sostituto disponibile","; sostituisce "&$S22&" con doppio turno")&IF($F22=1,"; turno da recuperare nella settimana "&($A22+1),"; turno non da recuperare"),"")) | Y22: =IF($M22=1,"recupera il turno saltato nella settimana "&($A22-1)&", "&$C22&" a riposo",IF($E22=1,IF($S22="DA ASSEGNARE","turno da assegnare: "&$C22&" assente","in sostituzione di "&$C22&", doppio turno"),""))
A23: 4 | B23: 46316 | C23: =Partecipanti!$B$7 | D23: =IF(COUNTIFS(A_PERS,$C23,A_SETT,$A23,A_TIPO,"Licenza - settimana intera")>0,"Licenza - settimana intera",IF(COUNTIFS(A_PERS,$C23,A_SETT,$A23,A_TIPO,"Attività esterna - settimana intera")>0,"Attività esterna - settimana intera",IF(COUNTIFS(A_PERS,$C23,A_DATA,$B23)>0,INDEX(A_TIPO,MATCH(1,INDEX((A_PERS=$C23)*(A_DATA=$B23),0),0)),""))) | E23: =IF($D23="",0,1) | F23: =IF($E23=0,0,IF(OR($D23="Licenza - settimana intera",$D23="Attività esterna - settimana intera"),0,1)) | G23: =IF(COUNTIFS(A_PERS,Partecipanti!$B$5,A_DATA,$B23)+COUNTIFS(A_PERS,Partecipanti!$B$5,A_SETT,$A23,A_TIPO,"Licenza - settimana intera")+COUNTIFS(A_PERS,Partecipanti!$B$5,A_SETT,$A23,A_TIPO,"Attività esterna - settimana intera")>0,0,1) | H23: =IF(COUNTIFS(A_PERS,Partecipanti!$B$6,A_DATA,$B23)+COUNTIFS(A_PERS,Partecipanti!$B$6,A_SETT,$A23,A_TIPO,"Licenza - settimana intera")+COUNTIFS(A_PERS,Partecipanti!$B$6,A_SETT,$A23,A_TIPO,"Attività esterna - settimana intera")>0,0,1) | I23: =IF(COUNTIFS(A_PERS,Partecipanti!$B$7,A_DATA,$B23)+COUNTIFS(A_PERS,Partecipanti!$B$7,A_SETT,$A23,A_TIPO,"Licenza - settimana intera")+COUNTIFS(A_PERS,Partecipanti!$B$7,A_SETT,$A23,A_TIPO,"Attività esterna - settimana intera")>0,0,1) | J23: =IF(COUNTIFS(A_PERS,Partecipanti!$B$8,A_DATA,$B23)+COUNTIFS(A_PERS,Partecipanti!$B$8,A_SETT,$A23,A_TIPO,"Licenza - settimana intera")+COUNTIFS(A_PERS,Partecipanti!$B$8,A_SETT,$A23,A_TIPO,"Attività esterna - settimana intera")>0,0,1) | K23: =IF(COUNTIFS(A_PERS,Partecipanti!$B$9,A_DATA,$B23)+COUNTIFS(A_PERS,Partecipanti!$B$9,A_SETT,$A23,A_TIPO,"Licenza - settimana intera")+COUNTIFS(A_PERS,Partecipanti!$B$9,A_SETT,$A23,A_TIPO,"Attività esterna - settimana intera")>0,0,1) | L23: =IFERROR(INDEX($C16:$C20,MATCH(1,INDEX(($T16:$T20=$C23)*1,0),0)),"") | M23: =IF($L23="",0,IF(INDEX($G23:$K23,MATCH($L23,Partecipanti!$B$5:$B$9,0))=1,1,0)) | N23: =IF($G23=0,100000,IF(Partecipanti!$B$5=$C23,100000,COUNTIF($S$6:$S22,Partecipanti!$B$5)*100+MOD(1-MATCH($C23,Partecipanti!$B$5:$B$9,0)-1,5))) | O23: =IF($H23=0,100000,IF(Partecipanti!$B$6=$C23,100000,COUNTIF($S$6:$S22,Partecipanti!$B$6)*100+MOD(2-MATCH($C23,Partecipanti!$B$5:$B$9,0)-1,5))) | P23: =IF($I23=0,100000,IF(Partecipanti!$B$7=$C23,100000,COUNTIF($S$6:$S22,Partecipanti!$B$7)*100+MOD(3-MATCH($C23,Partecipanti!$B$5:$B$9,0)-1,5))) | Q23: =IF($J23=0,100000,IF(Partecipanti!$B$8=$C23,100000,COUNTIF($S$6:$S22,Partecipanti!$B$8)*100+MOD(4-MATCH($C23,Partecipanti!$B$5:$B$9,0)-1,5))) | R23: =IF($K23=0,100000,IF(Partecipanti!$B$9=$C23,100000,COUNTIF($S$6:$S22,Partecipanti!$B$9)*100+MOD(5-MATCH($C23,Partecipanti!$B$5:$B$9,0)-1,5))) | S23: =IF(OR($E23=0,$M23=1),"",IF(MIN($N23:$R23)>=100000,"DA ASSEGNARE",INDEX(Partecipanti!$B$5:$B$9,MATCH(MIN($N23:$R23),$N23:$R23,0)))) | T23: =IF(AND($F23=1,$S23<>"",$S23<>"DA ASSEGNARE"),$S23,"") | U23: =IF($M23=1,$L23,IF($E23=0,$C23,$S23)) | V23: =IF($M23=1,"Recupero",IF($E23=0,"Ordinario",IF($S23="DA ASSEGNARE","DA ASSEGNARE","Sostituzione (doppio turno)"))) | W23: =IF(OR($M23=1,$E23=1),$C23,"") | X23: =IF($M23=1,$L23&" recupera il turno saltato nella settimana "&($A23-1)&"; "&$C23&" a riposo compensativo",IF($E23=1,$C23&" assente ("&$D23&")"&IF($S23="DA ASSEGNARE","; nessun sostituto disponibile","; sostituisce "&$S23&" con doppio turno")&IF($F23=1,"; turno da recuperare nella settimana "&($A23+1),"; turno non da recuperare"),"")) | Y23: =IF($M23=1,"recupera il turno saltato nella settimana "&($A23-1)&", "&$C23&" a riposo",IF($E23=1,IF($S23="DA ASSEGNARE","turno da assegnare: "&$C23&" assente","in sostituzione di "&$C23&", doppio turno"),""))
A24: 4 | B24: 46317 | C24: =Partecipanti!$B$8 | D24: =IF(COUNTIFS(A_PERS,$C24,A_SETT,$A24,A_TIPO,"Licenza - settimana intera")>0,"Licenza - settimana intera",IF(COUNTIFS(A_PERS,$C24,A_SETT,$A24,A_TIPO,"Attività esterna - settimana intera")>0,"Attività esterna - settimana intera",IF(COUNTIFS(A_PERS,$C24,A_DATA,$B24)>0,INDEX(A_TIPO,MATCH(1,INDEX((A_PERS=$C24)*(A_DATA=$B24),0),0)),""))) | E24: =IF($D24="",0,1) | F24: =IF($E24=0,0,IF(OR($D24="Licenza - settimana intera",$D24="Attività esterna - settimana intera"),0,1)) | G24: =IF(COUNTIFS(A_PERS,Partecipanti!$B$5,A_DATA,$B24)+COUNTIFS(A_PERS,Partecipanti!$B$5,A_SETT,$A24,A_TIPO,"Licenza - settimana intera")+COUNTIFS(A_PERS,Partecipanti!$B$5,A_SETT,$A24,A_TIPO,"Attività esterna - settimana intera")>0,0,1) | H24: =IF(COUNTIFS(A_PERS,Partecipanti!$B$6,A_DATA,$B24)+COUNTIFS(A_PERS,Partecipanti!$B$6,A_SETT,$A24,A_TIPO,"Licenza - settimana intera")+COUNTIFS(A_PERS,Partecipanti!$B$6,A_SETT,$A24,A_TIPO,"Attività esterna - settimana intera")>0,0,1) | I24: =IF(COUNTIFS(A_PERS,Partecipanti!$B$7,A_DATA,$B24)+COUNTIFS(A_PERS,Partecipanti!$B$7,A_SETT,$A24,A_TIPO,"Licenza - settimana intera")+COUNTIFS(A_PERS,Partecipanti!$B$7,A_SETT,$A24,A_TIPO,"Attività esterna - settimana intera")>0,0,1) | J24: =IF(COUNTIFS(A_PERS,Partecipanti!$B$8,A_DATA,$B24)+COUNTIFS(A_PERS,Partecipanti!$B$8,A_SETT,$A24,A_TIPO,"Licenza - settimana intera")+COUNTIFS(A_PERS,Partecipanti!$B$8,A_SETT,$A24,A_TIPO,"Attività esterna - settimana intera")>0,0,1) | K24: =IF(COUNTIFS(A_PERS,Partecipanti!$B$9,A_DATA,$B24)+COUNTIFS(A_PERS,Partecipanti!$B$9,A_SETT,$A24,A_TIPO,"Licenza - settimana intera")+COUNTIFS(A_PERS,Partecipanti!$B$9,A_SETT,$A24,A_TIPO,"Attività esterna - settimana intera")>0,0,1) | L24: =IFERROR(INDEX($C16:$C20,MATCH(1,INDEX(($T16:$T20=$C24)*1,0),0)),"") | M24: =IF($L24="",0,IF(INDEX($G24:$K24,MATCH($L24,Partecipanti!$B$5:$B$9,0))=1,1,0)) | N24: =IF($G24=0,100000,IF(Partecipanti!$B$5=$C24,100000,COUNTIF($S$6:$S23,Partecipanti!$B$5)*100+MOD(1-MATCH($C24,Partecipanti!$B$5:$B$9,0)-1,5))) | O24: =IF($H24=0,100000,IF(Partecipanti!$B$6=$C24,100000,COUNTIF($S$6:$S23,Partecipanti!$B$6)*100+MOD(2-MATCH($C24,Partecipanti!$B$5:$B$9,0)-1,5))) | P24: =IF($I24=0,100000,IF(Partecipanti!$B$7=$C24,100000,COUNTIF($S$6:$S23,Partecipanti!$B$7)*100+MOD(3-MATCH($C24,Partecipanti!$B$5:$B$9,0)-1,5))) | Q24: =IF($J24=0,100000,IF(Partecipanti!$B$8=$C24,100000,COUNTIF($S$6:$S23,Partecipanti!$B$8)*100+MOD(4-MATCH($C24,Partecipanti!$B$5:$B$9,0)-1,5))) | R24: =IF($K24=0,100000,IF(Partecipanti!$B$9=$C24,100000,COUNTIF($S$6:$S23,Partecipanti!$B$9)*100+MOD(5-MATCH($C24,Partecipanti!$B$5:$B$9,0)-1,5))) | S24: =IF(OR($E24=0,$M24=1),"",IF(MIN($N24:$R24)>=100000,"DA ASSEGNARE",INDEX(Partecipanti!$B$5:$B$9,MATCH(MIN($N24:$R24),$N24:$R24,0)))) | T24: =IF(AND($F24=1,$S24<>"",$S24<>"DA ASSEGNARE"),$S24,"") | U24: =IF($M24=1,$L24,IF($E24=0,$C24,$S24)) | V24: =IF($M24=1,"Recupero",IF($E24=0,"Ordinario",IF($S24="DA ASSEGNARE","DA ASSEGNARE","Sostituzione (doppio turno)"))) | W24: =IF(OR($M24=1,$E24=1),$C24,"") | X24: =IF($M24=1,$L24&" recupera il turno saltato nella settimana "&($A24-1)&"; "&$C24&" a riposo compensativo",IF($E24=1,$C24&" assente ("&$D24&")"&IF($S24="DA ASSEGNARE","; nessun sostituto disponibile","; sostituisce "&$S24&" con doppio turno")&IF($F24=1,"; turno da recuperare nella settimana "&($A24+1),"; turno non da recuperare"),"")) | Y24: =IF($M24=1,"recupera il turno saltato nella settimana "&($A24-1)&", "&$C24&" a riposo",IF($E24=1,IF($S24="DA ASSEGNARE","turno da assegnare: "&$C24&" assente","in sostituzione di "&$C24&", doppio turno"),""))
A25: 4 | B25: 46318 | C25: =Partecipanti!$B$9 | D25: =IF(COUNTIFS(A_PERS,$C25,A_SETT,$A25,A_TIPO,"Licenza - settimana intera")>0,"Licenza - settimana intera",IF(COUNTIFS(A_PERS,$C25,A_SETT,$A25,A_TIPO,"Attività esterna - settimana intera")>0,"Attività esterna - settimana intera",IF(COUNTIFS(A_PERS,$C25,A_DATA,$B25)>0,INDEX(A_TIPO,MATCH(1,INDEX((A_PERS=$C25)*(A_DATA=$B25),0),0)),""))) | E25: =IF($D25="",0,1) | F25: =IF($E25=0,0,IF(OR($D25="Licenza - settimana intera",$D25="Attività esterna - settimana intera"),0,1)) | G25: =IF(COUNTIFS(A_PERS,Partecipanti!$B$5,A_DATA,$B25)+COUNTIFS(A_PERS,Partecipanti!$B$5,A_SETT,$A25,A_TIPO,"Licenza - settimana intera")+COUNTIFS(A_PERS,Partecipanti!$B$5,A_SETT,$A25,A_TIPO,"Attività esterna - settimana intera")>0,0,1) | H25: =IF(COUNTIFS(A_PERS,Partecipanti!$B$6,A_DATA,$B25)+COUNTIFS(A_PERS,Partecipanti!$B$6,A_SETT,$A25,A_TIPO,"Licenza - settimana intera")+COUNTIFS(A_PERS,Partecipanti!$B$6,A_SETT,$A25,A_TIPO,"Attività esterna - settimana intera")>0,0,1) | I25: =IF(COUNTIFS(A_PERS,Partecipanti!$B$7,A_DATA,$B25)+COUNTIFS(A_PERS,Partecipanti!$B$7,A_SETT,$A25,A_TIPO,"Licenza - settimana intera")+COUNTIFS(A_PERS,Partecipanti!$B$7,A_SETT,$A25,A_TIPO,"Attività esterna - settimana intera")>0,0,1) | J25: =IF(COUNTIFS(A_PERS,Partecipanti!$B$8,A_DATA,$B25)+COUNTIFS(A_PERS,Partecipanti!$B$8,A_SETT,$A25,A_TIPO,"Licenza - settimana intera")+COUNTIFS(A_PERS,Partecipanti!$B$8,A_SETT,$A25,A_TIPO,"Attività esterna - settimana intera")>0,0,1) | K25: =IF(COUNTIFS(A_PERS,Partecipanti!$B$9,A_DATA,$B25)+COUNTIFS(A_PERS,Partecipanti!$B$9,A_SETT,$A25,A_TIPO,"Licenza - settimana intera")+COUNTIFS(A_PERS,Partecipanti!$B$9,A_SETT,$A25,A_TIPO,"Attività esterna - settimana intera")>0,0,1) | L25: =IFERROR(INDEX($C16:$C20,MATCH(1,INDEX(($T16:$T20=$C25)*1,0),0)),"") | M25: =IF($L25="",0,IF(INDEX($G25:$K25,MATCH($L25,Partecipanti!$B$5:$B$9,0))=1,1,0)) | N25: =IF($G25=0,100000,IF(Partecipanti!$B$5=$C25,100000,COUNTIF($S$6:$S24,Partecipanti!$B$5)*100+MOD(1-MATCH($C25,Partecipanti!$B$5:$B$9,0)-1,5))) | O25: =IF($H25=0,100000,IF(Partecipanti!$B$6=$C25,100000,COUNTIF($S$6:$S24,Partecipanti!$B$6)*100+MOD(2-MATCH($C25,Partecipanti!$B$5:$B$9,0)-1,5))) | P25: =IF($I25=0,100000,IF(Partecipanti!$B$7=$C25,100000,COUNTIF($S$6:$S24,Partecipanti!$B$7)*100+MOD(3-MATCH($C25,Partecipanti!$B$5:$B$9,0)-1,5))) | Q25: =IF($J25=0,100000,IF(Partecipanti!$B$8=$C25,100000,COUNTIF($S$6:$S24,Partecipanti!$B$8)*100+MOD(4-MATCH($C25,Partecipanti!$B$5:$B$9,0)-1,5))) | R25: =IF($K25=0,100000,IF(Partecipanti!$B$9=$C25,100000,COUNTIF($S$6:$S24,Partecipanti!$B$9)*100+MOD(5-MATCH($C25,Partecipanti!$B$5:$B$9,0)-1,5))) | S25: =IF(OR($E25=0,$M25=1),"",IF(MIN($N25:$R25)>=100000,"DA ASSEGNARE",INDEX(Partecipanti!$B$5:$B$9,MATCH(MIN($N25:$R25),$N25:$R25,0)))) | T25: =IF(AND($F25=1,$S25<>"",$S25<>"DA ASSEGNARE"),$S25,"") | U25: =IF($M25=1,$L25,IF($E25=0,$C25,$S25)) | V25: =IF($M25=1,"Recupero",IF($E25=0,"Ordinario",IF($S25="DA ASSEGNARE","DA ASSEGNARE","Sostituzione (doppio turno)"))) | W25: =IF(OR($M25=1,$E25=1),$C25,"") | X25: =IF($M25=1,$L25&" recupera il turno saltato nella settimana "&($A25-1)&"; "&$C25&" a riposo compensativo",IF($E25=1,$C25&" assente ("&$D25&")"&IF($S25="DA ASSEGNARE","; nessun sostituto disponibile","; sostituisce "&$S25&" con doppio turno")&IF($F25=1,"; turno da recuperare nella settimana "&($A25+1),"; turno non da recuperare"),"")) | Y25: =IF($M25=1,"recupera il turno saltato nella settimana "&($A25-1)&", "&$C25&" a riposo",IF($E25=1,IF($S25="DA ASSEGNARE","turno da assegnare: "&$C25&" assente","in sostituzione di "&$C25&", doppio turno"),""))
A26: 5 | B26: 46321 | C26: =Partecipanti!$B$5 | D26: =IF(COUNTIFS(A_PERS,$C26,A_SETT,$A26,A_TIPO,"Licenza - settimana intera")>0,"Licenza - settimana intera",IF(COUNTIFS(A_PERS,$C26,A_SETT,$A26,A_TIPO,"Attività esterna - settimana intera")>0,"Attività esterna - settimana intera",IF(COUNTIFS(A_PERS,$C26,A_DATA,$B26)>0,INDEX(A_TIPO,MATCH(1,INDEX((A_PERS=$C26)*(A_DATA=$B26),0),0)),""))) | E26: =IF($D26="",0,1) | F26: =IF($E26=0,0,IF(OR($D26="Licenza - settimana intera",$D26="Attività esterna - settimana intera"),0,1)) | G26: =IF(COUNTIFS(A_PERS,Partecipanti!$B$5,A_DATA,$B26)+COUNTIFS(A_PERS,Partecipanti!$B$5,A_SETT,$A26,A_TIPO,"Licenza - settimana intera")+COUNTIFS(A_PERS,Partecipanti!$B$5,A_SETT,$A26,A_TIPO,"Attività esterna - settimana intera")>0,0,1) | H26: =IF(COUNTIFS(A_PERS,Partecipanti!$B$6,A_DATA,$B26)+COUNTIFS(A_PERS,Partecipanti!$B$6,A_SETT,$A26,A_TIPO,"Licenza - settimana intera")+COUNTIFS(A_PERS,Partecipanti!$B$6,A_SETT,$A26,A_TIPO,"Attività esterna - settimana intera")>0,0,1) | I26: =IF(COUNTIFS(A_PERS,Partecipanti!$B$7,A_DATA,$B26)+COUNTIFS(A_PERS,Partecipanti!$B$7,A_SETT,$A26,A_TIPO,"Licenza - settimana intera")+COUNTIFS(A_PERS,Partecipanti!$B$7,A_SETT,$A26,A_TIPO,"Attività esterna - settimana intera")>0,0,1) | J26: =IF(COUNTIFS(A_PERS,Partecipanti!$B$8,A_DATA,$B26)+COUNTIFS(A_PERS,Partecipanti!$B$8,A_SETT,$A26,A_TIPO,"Licenza - settimana intera")+COUNTIFS(A_PERS,Partecipanti!$B$8,A_SETT,$A26,A_TIPO,"Attività esterna - settimana intera")>0,0,1) | K26: =IF(COUNTIFS(A_PERS,Partecipanti!$B$9,A_DATA,$B26)+COUNTIFS(A_PERS,Partecipanti!$B$9,A_SETT,$A26,A_TIPO,"Licenza - settimana intera")+COUNTIFS(A_PERS,Partecipanti!$B$9,A_SETT,$A26,A_TIPO,"Attività esterna - settimana intera")>0,0,1) | L26: =IFERROR(INDEX($C21:$C25,MATCH(1,INDEX(($T21:$T25=$C26)*1,0),0)),"") | M26: =IF($L26="",0,IF(INDEX($G26:$K26,MATCH($L26,Partecipanti!$B$5:$B$9,0))=1,1,0)) | N26: =IF($G26=0,100000,IF(Partecipanti!$B$5=$C26,100000,COUNTIF($S$6:$S25,Partecipanti!$B$5)*100+MOD(1-MATCH($C26,Partecipanti!$B$5:$B$9,0)-1,5))) | O26: =IF($H26=0,100000,IF(Partecipanti!$B$6=$C26,100000,COUNTIF($S$6:$S25,Partecipanti!$B$6)*100+MOD(2-MATCH($C26,Partecipanti!$B$5:$B$9,0)-1,5))) | P26: =IF($I26=0,100000,IF(Partecipanti!$B$7=$C26,100000,COUNTIF($S$6:$S25,Partecipanti!$B$7)*100+MOD(3-MATCH($C26,Partecipanti!$B$5:$B$9,0)-1,5))) | Q26: =IF($J26=0,100000,IF(Partecipanti!$B$8=$C26,100000,COUNTIF($S$6:$S25,Partecipanti!$B$8)*100+MOD(4-MATCH($C26,Partecipanti!$B$5:$B$9,0)-1,5))) | R26: =IF($K26=0,100000,IF(Partecipanti!$B$9=$C26,100000,COUNTIF($S$6:$S25,Partecipanti!$B$9)*100+MOD(5-MATCH($C26,Partecipanti!$B$5:$B$9,0)-1,5))) | S26: =IF(OR($E26=0,$M26=1),"",IF(MIN($N26:$R26)>=100000,"DA ASSEGNARE",INDEX(Partecipanti!$B$5:$B$9,MATCH(MIN($N26:$R26),$N26:$R26,0)))) | T26: =IF(AND($F26=1,$S26<>"",$S26<>"DA ASSEGNARE"),$S26,"") | U26: =IF($M26=1,$L26,IF($E26=0,$C26,$S26)) | V26: =IF($M26=1,"Recupero",IF($E26=0,"Ordinario",IF($S26="DA ASSEGNARE","DA ASSEGNARE","Sostituzione (doppio turno)"))) | W26: =IF(OR($M26=1,$E26=1),$C26,"") | X26: =IF($M26=1,$L26&" recupera il turno saltato nella settimana "&($A26-1)&"; "&$C26&" a riposo compensativo",IF($E26=1,$C26&" assente ("&$D26&")"&IF($S26="DA ASSEGNARE","; nessun sostituto disponibile","; sostituisce "&$S26&" con doppio turno")&IF($F26=1,"; turno da recuperare nella settimana "&($A26+1),"; turno non da recuperare"),"")) | Y26: =IF($M26=1,"recupera il turno saltato nella settimana "&($A26-1)&", "&$C26&" a riposo",IF($E26=1,IF($S26="DA ASSEGNARE","turno da assegnare: "&$C26&" assente","in sostituzione di "&$C26&", doppio turno"),""))
A27: 5 | B27: 46322 | C27: =Partecipanti!$B$6 | D27: =IF(COUNTIFS(A_PERS,$C27,A_SETT,$A27,A_TIPO,"Licenza - settimana intera")>0,"Licenza - settimana intera",IF(COUNTIFS(A_PERS,$C27,A_SETT,$A27,A_TIPO,"Attività esterna - settimana intera")>0,"Attività esterna - settimana intera",IF(COUNTIFS(A_PERS,$C27,A_DATA,$B27)>0,INDEX(A_TIPO,MATCH(1,INDEX((A_PERS=$C27)*(A_DATA=$B27),0),0)),""))) | E27: =IF($D27="",0,1) | F27: =IF($E27=0,0,IF(OR($D27="Licenza - settimana intera",$D27="Attività esterna - settimana intera"),0,1)) | G27: =IF(COUNTIFS(A_PERS,Partecipanti!$B$5,A_DATA,$B27)+COUNTIFS(A_PERS,Partecipanti!$B$5,A_SETT,$A27,A_TIPO,"Licenza - settimana intera")+COUNTIFS(A_PERS,Partecipanti!$B$5,A_SETT,$A27,A_TIPO,"Attività esterna - settimana intera")>0,0,1) | H27: =IF(COUNTIFS(A_PERS,Partecipanti!$B$6,A_DATA,$B27)+COUNTIFS(A_PERS,Partecipanti!$B$6,A_SETT,$A27,A_TIPO,"Licenza - settimana intera")+COUNTIFS(A_PERS,Partecipanti!$B$6,A_SETT,$A27,A_TIPO,"Attività esterna - settimana intera")>0,0,1) | I27: =IF(COUNTIFS(A_PERS,Partecipanti!$B$7,A_DATA,$B27)+COUNTIFS(A_PERS,Partecipanti!$B$7,A_SETT,$A27,A_TIPO,"Licenza - settimana intera")+COUNTIFS(A_PERS,Partecipanti!$B$7,A_SETT,$A27,A_TIPO,"Attività esterna - settimana intera")>0,0,1) | J27: =IF(COUNTIFS(A_PERS,Partecipanti!$B$8,A_DATA,$B27)+COUNTIFS(A_PERS,Partecipanti!$B$8,A_SETT,$A27,A_TIPO,"Licenza - settimana intera")+COUNTIFS(A_PERS,Partecipanti!$B$8,A_SETT,$A27,A_TIPO,"Attività esterna - settimana intera")>0,0,1) | K27: =IF(COUNTIFS(A_PERS,Partecipanti!$B$9,A_DATA,$B27)+COUNTIFS(A_PERS,Partecipanti!$B$9,A_SETT,$A27,A_TIPO,"Licenza - settimana intera")+COUNTIFS(A_PERS,Partecipanti!$B$9,A_SETT,$A27,A_TIPO,"Attività esterna - settimana intera")>0,0,1) | L27: =IFERROR(INDEX($C21:$C25,MATCH(1,INDEX(($T21:$T25=$C27)*1,0),0)),"") | M27: =IF($L27="",0,IF(INDEX($G27:$K27,MATCH($L27,Partecipanti!$B$5:$B$9,0))=1,1,0)) | N27: =IF($G27=0,100000,IF(Partecipanti!$B$5=$C27,100000,COUNTIF($S$6:$S26,Partecipanti!$B$5)*100+MOD(1-MATCH($C27,Partecipanti!$B$5:$B$9,0)-1,5))) | O27: =IF($H27=0,100000,IF(Partecipanti!$B$6=$C27,100000,COUNTIF($S$6:$S26,Partecipanti!$B$6)*100+MOD(2-MATCH($C27,Partecipanti!$B$5:$B$9,0)-1,5))) | P27: =IF($I27=0,100000,IF(Partecipanti!$B$7=$C27,100000,COUNTIF($S$6:$S26,Partecipanti!$B$7)*100+MOD(3-MATCH($C27,Partecipanti!$B$5:$B$9,0)-1,5))) | Q27: =IF($J27=0,100000,IF(Partecipanti!$B$8=$C27,100000,COUNTIF($S$6:$S26,Partecipanti!$B$8)*100+MOD(4-MATCH($C27,Partecipanti!$B$5:$B$9,0)-1,5))) | R27: =IF($K27=0,100000,IF(Partecipanti!$B$9=$C27,100000,COUNTIF($S$6:$S26,Partecipanti!$B$9)*100+MOD(5-MATCH($C27,Partecipanti!$B$5:$B$9,0)-1,5))) | S27: =IF(OR($E27=0,$M27=1),"",IF(MIN($N27:$R27)>=100000,"DA ASSEGNARE",INDEX(Partecipanti!$B$5:$B$9,MATCH(MIN($N27:$R27),$N27:$R27,0)))) | T27: =IF(AND($F27=1,$S27<>"",$S27<>"DA ASSEGNARE"),$S27,"") | U27: =IF($M27=1,$L27,IF($E27=0,$C27,$S27)) | V27: =IF($M27=1,"Recupero",IF($E27=0,"Ordinario",IF($S27="DA ASSEGNARE","DA ASSEGNARE","Sostituzione (doppio turno)"))) | W27: =IF(OR($M27=1,$E27=1),$C27,"") | X27: =IF($M27=1,$L27&" recupera il turno saltato nella settimana "&($A27-1)&"; "&$C27&" a riposo compensativo",IF($E27=1,$C27&" assente ("&$D27&")"&IF($S27="DA ASSEGNARE","; nessun sostituto disponibile","; sostituisce "&$S27&" con doppio turno")&IF($F27=1,"; turno da recuperare nella settimana "&($A27+1),"; turno non da recuperare"),"")) | Y27: =IF($M27=1,"recupera il turno saltato nella settimana "&($A27-1)&", "&$C27&" a riposo",IF($E27=1,IF($S27="DA ASSEGNARE","turno da assegnare: "&$C27&" assente","in sostituzione di "&$C27&", doppio turno"),""))
A28: 5 | B28: 46323 | C28: =Partecipanti!$B$7 | D28: =IF(COUNTIFS(A_PERS,$C28,A_SETT,$A28,A_TIPO,"Licenza - settimana intera")>0,"Licenza - settimana intera",IF(COUNTIFS(A_PERS,$C28,A_SETT,$A28,A_TIPO,"Attività esterna - settimana intera")>0,"Attività esterna - settimana intera",IF(COUNTIFS(A_PERS,$C28,A_DATA,$B28)>0,INDEX(A_TIPO,MATCH(1,INDEX((A_PERS=$C28)*(A_DATA=$B28),0),0)),""))) | E28: =IF($D28="",0,1) | F28: =IF($E28=0,0,IF(OR($D28="Licenza - settimana intera",$D28="Attività esterna - settimana intera"),0,1)) | G28: =IF(COUNTIFS(A_PERS,Partecipanti!$B$5,A_DATA,$B28)+COUNTIFS(A_PERS,Partecipanti!$B$5,A_SETT,$A28,A_TIPO,"Licenza - settimana intera")+COUNTIFS(A_PERS,Partecipanti!$B$5,A_SETT,$A28,A_TIPO,"Attività esterna - settimana intera")>0,0,1) | H28: =IF(COUNTIFS(A_PERS,Partecipanti!$B$6,A_DATA,$B28)+COUNTIFS(A_PERS,Partecipanti!$B$6,A_SETT,$A28,A_TIPO,"Licenza - settimana intera")+COUNTIFS(A_PERS,Partecipanti!$B$6,A_SETT,$A28,A_TIPO,"Attività esterna - settimana intera")>0,0,1) | I28: =IF(COUNTIFS(A_PERS,Partecipanti!$B$7,A_DATA,$B28)+COUNTIFS(A_PERS,Partecipanti!$B$7,A_SETT,$A28,A_TIPO,"Licenza - settimana intera")+COUNTIFS(A_PERS,Partecipanti!$B$7,A_SETT,$A28,A_TIPO,"Attività esterna - settimana intera")>0,0,1) | J28: =IF(COUNTIFS(A_PERS,Partecipanti!$B$8,A_DATA,$B28)+COUNTIFS(A_PERS,Partecipanti!$B$8,A_SETT,$A28,A_TIPO,"Licenza - settimana intera")+COUNTIFS(A_PERS,Partecipanti!$B$8,A_SETT,$A28,A_TIPO,"Attività esterna - settimana intera")>0,0,1) | K28: =IF(COUNTIFS(A_PERS,Partecipanti!$B$9,A_DATA,$B28)+COUNTIFS(A_PERS,Partecipanti!$B$9,A_SETT,$A28,A_TIPO,"Licenza - settimana intera")+COUNTIFS(A_PERS,Partecipanti!$B$9,A_SETT,$A28,A_TIPO,"Attività esterna - settimana intera")>0,0,1) | L28: =IFERROR(INDEX($C21:$C25,MATCH(1,INDEX(($T21:$T25=$C28)*1,0),0)),"") | M28: =IF($L28="",0,IF(INDEX($G28:$K28,MATCH($L28,Partecipanti!$B$5:$B$9,0))=1,1,0)) | N28: =IF($G28=0,100000,IF(Partecipanti!$B$5=$C28,100000,COUNTIF($S$6:$S27,Partecipanti!$B$5)*100+MOD(1-MATCH($C28,Partecipanti!$B$5:$B$9,0)-1,5))) | O28: =IF($H28=0,100000,IF(Partecipanti!$B$6=$C28,100000,COUNTIF($S$6:$S27,Partecipanti!$B$6)*100+MOD(2-MATCH($C28,Partecipanti!$B$5:$B$9,0)-1,5))) | P28: =IF($I28=0,100000,IF(Partecipanti!$B$7=$C28,100000,COUNTIF($S$6:$S27,Partecipanti!$B$7)*100+MOD(3-MATCH($C28,Partecipanti!$B$5:$B$9,0)-1,5))) | Q28: =IF($J28=0,100000,IF(Partecipanti!$B$8=$C28,100000,COUNTIF($S$6:$S27,Partecipanti!$B$8)*100+MOD(4-MATCH($C28,Partecipanti!$B$5:$B$9,0)-1,5))) | R28: =IF($K28=0,100000,IF(Partecipanti!$B$9=$C28,100000,COUNTIF($S$6:$S27,Partecipanti!$B$9)*100+MOD(5-MATCH($C28,Partecipanti!$B$5:$B$9,0)-1,5))) | S28: =IF(OR($E28=0,$M28=1),"",IF(MIN($N28:$R28)>=100000,"DA ASSEGNARE",INDEX(Partecipanti!$B$5:$B$9,MATCH(MIN($N28:$R28),$N28:$R28,0)))) | T28: =IF(AND($F28=1,$S28<>"",$S28<>"DA ASSEGNARE"),$S28,"") | U28: =IF($M28=1,$L28,IF($E28=0,$C28,$S28)) | V28: =IF($M28=1,"Recupero",IF($E28=0,"Ordinario",IF($S28="DA ASSEGNARE","DA ASSEGNARE","Sostituzione (doppio turno)"))) | W28: =IF(OR($M28=1,$E28=1),$C28,"") | X28: =IF($M28=1,$L28&" recupera il turno saltato nella settimana "&($A28-1)&"; "&$C28&" a riposo compensativo",IF($E28=1,$C28&" assente ("&$D28&")"&IF($S28="DA ASSEGNARE","; nessun sostituto disponibile","; sostituisce "&$S28&" con doppio turno")&IF($F28=1,"; turno da recuperare nella settimana "&($A28+1),"; turno non da recuperare"),"")) | Y28: =IF($M28=1,"recupera il turno saltato nella settimana "&($A28-1)&", "&$C28&" a riposo",IF($E28=1,IF($S28="DA ASSEGNARE","turno da assegnare: "&$C28&" assente","in sostituzione di "&$C28&", doppio turno"),""))
A29: 5 | B29: 46324 | C29: =Partecipanti!$B$8 | D29: =IF(COUNTIFS(A_PERS,$C29,A_SETT,$A29,A_TIPO,"Licenza - settimana intera")>0,"Licenza - settimana intera",IF(COUNTIFS(A_PERS,$C29,A_SETT,$A29,A_TIPO,"Attività esterna - settimana intera")>0,"Attività esterna - settimana intera",IF(COUNTIFS(A_PERS,$C29,A_DATA,$B29)>0,INDEX(A_TIPO,MATCH(1,INDEX((A_PERS=$C29)*(A_DATA=$B29),0),0)),""))) | E29: =IF($D29="",0,1) | F29: =IF($E29=0,0,IF(OR($D29="Licenza - settimana intera",$D29="Attività esterna - settimana intera"),0,1)) | G29: =IF(COUNTIFS(A_PERS,Partecipanti!$B$5,A_DATA,$B29)+COUNTIFS(A_PERS,Partecipanti!$B$5,A_SETT,$A29,A_TIPO,"Licenza - settimana intera")+COUNTIFS(A_PERS,Partecipanti!$B$5,A_SETT,$A29,A_TIPO,"Attività esterna - settimana intera")>0,0,1) | H29: =IF(COUNTIFS(A_PERS,Partecipanti!$B$6,A_DATA,$B29)+COUNTIFS(A_PERS,Partecipanti!$B$6,A_SETT,$A29,A_TIPO,"Licenza - settimana intera")+COUNTIFS(A_PERS,Partecipanti!$B$6,A_SETT,$A29,A_TIPO,"Attività esterna - settimana intera")>0,0,1) | I29: =IF(COUNTIFS(A_PERS,Partecipanti!$B$7,A_DATA,$B29)+COUNTIFS(A_PERS,Partecipanti!$B$7,A_SETT,$A29,A_TIPO,"Licenza - settimana intera")+COUNTIFS(A_PERS,Partecipanti!$B$7,A_SETT,$A29,A_TIPO,"Attività esterna - settimana intera")>0,0,1) | J29: =IF(COUNTIFS(A_PERS,Partecipanti!$B$8,A_DATA,$B29)+COUNTIFS(A_PERS,Partecipanti!$B$8,A_SETT,$A29,A_TIPO,"Licenza - settimana intera")+COUNTIFS(A_PERS,Partecipanti!$B$8,A_SETT,$A29,A_TIPO,"Attività esterna - settimana intera")>0,0,1) | K29: =IF(COUNTIFS(A_PERS,Partecipanti!$B$9,A_DATA,$B29)+COUNTIFS(A_PERS,Partecipanti!$B$9,A_SETT,$A29,A_TIPO,"Licenza - settimana intera")+COUNTIFS(A_PERS,Partecipanti!$B$9,A_SETT,$A29,A_TIPO,"Attività esterna - settimana intera")>0,0,1) | L29: =IFERROR(INDEX($C21:$C25,MATCH(1,INDEX(($T21:$T25=$C29)*1,0),0)),"") | M29: =IF($L29="",0,IF(INDEX($G29:$K29,MATCH($L29,Partecipanti!$B$5:$B$9,0))=1,1,0)) | N29: =IF($G29=0,100000,IF(Partecipanti!$B$5=$C29,100000,COUNTIF($S$6:$S28,Partecipanti!$B$5)*100+MOD(1-MATCH($C29,Partecipanti!$B$5:$B$9,0)-1,5))) | O29: =IF($H29=0,100000,IF(Partecipanti!$B$6=$C29,100000,COUNTIF($S$6:$S28,Partecipanti!$B$6)*100+MOD(2-MATCH($C29,Partecipanti!$B$5:$B$9,0)-1,5))) | P29: =IF($I29=0,100000,IF(Partecipanti!$B$7=$C29,100000,COUNTIF($S$6:$S28,Partecipanti!$B$7)*100+MOD(3-MATCH($C29,Partecipanti!$B$5:$B$9,0)-1,5))) | Q29: =IF($J29=0,100000,IF(Partecipanti!$B$8=$C29,100000,COUNTIF($S$6:$S28,Partecipanti!$B$8)*100+MOD(4-MATCH($C29,Partecipanti!$B$5:$B$9,0)-1,5))) | R29: =IF($K29=0,100000,IF(Partecipanti!$B$9=$C29,100000,COUNTIF($S$6:$S28,Partecipanti!$B$9)*100+MOD(5-MATCH($C29,Partecipanti!$B$5:$B$9,0)-1,5))) | S29: =IF(OR($E29=0,$M29=1),"",IF(MIN($N29:$R29)>=100000,"DA ASSEGNARE",INDEX(Partecipanti!$B$5:$B$9,MATCH(MIN($N29:$R29),$N29:$R29,0)))) | T29: =IF(AND($F29=1,$S29<>"",$S29<>"DA ASSEGNARE"),$S29,"") | U29: =IF($M29=1,$L29,IF($E29=0,$C29,$S29)) | V29: =IF($M29=1,"Recupero",IF($E29=0,"Ordinario",IF($S29="DA ASSEGNARE","DA ASSEGNARE","Sostituzione (doppio turno)"))) | W29: =IF(OR($M29=1,$E29=1),$C29,"") | X29: =IF($M29=1,$L29&" recupera il turno saltato nella settimana "&($A29-1)&"; "&$C29&" a riposo compensativo",IF($E29=1,$C29&" assente ("&$D29&")"&IF($S29="DA ASSEGNARE","; nessun sostituto disponibile","; sostituisce "&$S29&" con doppio turno")&IF($F29=1,"; turno da recuperare nella settimana "&($A29+1),"; turno non da recuperare"),"")) | Y29: =IF($M29=1,"recupera il turno saltato nella settimana "&($A29-1)&", "&$C29&" a riposo",IF($E29=1,IF($S29="DA ASSEGNARE","turno da assegnare: "&$C29&" assente","in sostituzione di "&$C29&", doppio turno"),""))
A30: 5 | B30: 46325 | C30: =Partecipanti!$B$9 | D30: =IF(COUNTIFS(A_PERS,$C30,A_SETT,$A30,A_TIPO,"Licenza - settimana intera")>0,"Licenza - settimana intera",IF(COUNTIFS(A_PERS,$C30,A_SETT,$A30,A_TIPO,"Attività esterna - settimana intera")>0,"Attività esterna - settimana intera",IF(COUNTIFS(A_PERS,$C30,A_DATA,$B30)>0,INDEX(A_TIPO,MATCH(1,INDEX((A_PERS=$C30)*(A_DATA=$B30),0),0)),""))) | E30: =IF($D30="",0,1) | F30: =IF($E30=0,0,IF(OR($D30="Licenza - settimana intera",$D30="Attività esterna - settimana intera"),0,1)) | G30: =IF(COUNTIFS(A_PERS,Partecipanti!$B$5,A_DATA,$B30)+COUNTIFS(A_PERS,Partecipanti!$B$5,A_SETT,$A30,A_TIPO,"Licenza - settimana intera")+COUNTIFS(A_PERS,Partecipanti!$B$5,A_SETT,$A30,A_TIPO,"Attività esterna - settimana intera")>0,0,1) | H30: =IF(COUNTIFS(A_PERS,Partecipanti!$B$6,A_DATA,$B30)+COUNTIFS(A_PERS,Partecipanti!$B$6,A_SETT,$A30,A_TIPO,"Licenza - settimana intera")+COUNTIFS(A_PERS,Partecipanti!$B$6,A_SETT,$A30,A_TIPO,"Attività esterna - settimana intera")>0,0,1) | I30: =IF(COUNTIFS(A_PERS,Partecipanti!$B$7,A_DATA,$B30)+COUNTIFS(A_PERS,Partecipanti!$B$7,A_SETT,$A30,A_TIPO,"Licenza - settimana intera")+COUNTIFS(A_PERS,Partecipanti!$B$7,A_SETT,$A30,A_TIPO,"Attività esterna - settimana intera")>0,0,1) | J30: =IF(COUNTIFS(A_PERS,Partecipanti!$B$8,A_DATA,$B30)+COUNTIFS(A_PERS,Partecipanti!$B$8,A_SETT,$A30,A_TIPO,"Licenza - settimana intera")+COUNTIFS(A_PERS,Partecipanti!$B$8,A_SETT,$A30,A_TIPO,"Attività esterna - settimana intera")>0,0,1) | K30: =IF(COUNTIFS(A_PERS,Partecipanti!$B$9,A_DATA,$B30)+COUNTIFS(A_PERS,Partecipanti!$B$9,A_SETT,$A30,A_TIPO,"Licenza - settimana intera")+COUNTIFS(A_PERS,Partecipanti!$B$9,A_SETT,$A30,A_TIPO,"Attività esterna - settimana intera")>0,0,1) | L30: =IFERROR(INDEX($C21:$C25,MATCH(1,INDEX(($T21:$T25=$C30)*1,0),0)),"") | M30: =IF($L30="",0,IF(INDEX($G30:$K30,MATCH($L30,Partecipanti!$B$5:$B$9,0))=1,1,0)) | N30: =IF($G30=0,100000,IF(Partecipanti!$B$5=$C30,100000,COUNTIF($S$6:$S29,Partecipanti!$B$5)*100+MOD(1-MATCH($C30,Partecipanti!$B$5:$B$9,0)-1,5))) | O30: =IF($H30=0,100000,IF(Partecipanti!$B$6=$C30,100000,COUNTIF($S$6:$S29,Partecipanti!$B$6)*100+MOD(2-MATCH($C30,Partecipanti!$B$5:$B$9,0)-1,5))) | P30: =IF($I30=0,100000,IF(Partecipanti!$B$7=$C30,100000,COUNTIF($S$6:$S29,Partecipanti!$B$7)*100+MOD(3-MATCH($C30,Partecipanti!$B$5:$B$9,0)-1,5))) | Q30: =IF($J30=0,100000,IF(Partecipanti!$B$8=$C30,100000,COUNTIF($S$6:$S29,Partecipanti!$B$8)*100+MOD(4-MATCH($C30,Partecipanti!$B$5:$B$9,0)-1,5))) | R30: =IF($K30=0,100000,IF(Partecipanti!$B$9=$C30,100000,COUNTIF($S$6:$S29,Partecipanti!$B$9)*100+MOD(5-MATCH($C30,Partecipanti!$B$5:$B$9,0)-1,5))) | S30: =IF(OR($E30=0,$M30=1),"",IF(MIN($N30:$R30)>=100000,"DA ASSEGNARE",INDEX(Partecipanti!$B$5:$B$9,MATCH(MIN($N30:$R30),$N30:$R30,0)))) | T30: =IF(AND($F30=1,$S30<>"",$S30<>"DA ASSEGNARE"),$S30,"") | U30: =IF($M30=1,$L30,IF($E30=0,$C30,$S30)) | V30: =IF($M30=1,"Recupero",IF($E30=0,"Ordinario",IF($S30="DA ASSEGNARE","DA ASSEGNARE","Sostituzione (doppio turno)"))) | W30: =IF(OR($M30=1,$E30=1),$C30,"") | X30: =IF($M30=1,$L30&" recupera il turno saltato nella settimana "&($A30-1)&"; "&$C30&" a riposo compensativo",IF($E30=1,$C30&" assente ("&$D30&")"&IF($S30="DA ASSEGNARE","; nessun sostituto disponibile","; sostituisce "&$S30&" con doppio turno")&IF($F30=1,"; turno da recuperare nella settimana "&($A30+1),"; turno non da recuperare"),"")) | Y30: =IF($M30=1,"recupera il turno saltato nella settimana "&($A30-1)&", "&$C30&" a riposo",IF($E30=1,IF($S30="DA ASSEGNARE","turno da assegnare: "&$C30&" assente","in sostituzione di "&$C30&", doppio turno"),""))
A31: 6 | B31: 46328 | C31: =Partecipanti!$B$5 | D31: =IF(COUNTIFS(A_PERS,$C31,A_SETT,$A31,A_TIPO,"Licenza - settimana intera")>0,"Licenza - settimana intera",IF(COUNTIFS(A_PERS,$C31,A_SETT,$A31,A_TIPO,"Attività esterna - settimana intera")>0,"Attività esterna - settimana intera",IF(COUNTIFS(A_PERS,$C31,A_DATA,$B31)>0,INDEX(A_TIPO,MATCH(1,INDEX((A_PERS=$C31)*(A_DATA=$B31),0),0)),""))) | E31: =IF($D31="",0,1) | F31: =IF($E31=0,0,IF(OR($D31="Licenza - settimana intera",$D31="Attività esterna - settimana intera"),0,1)) | G31: =IF(COUNTIFS(A_PERS,Partecipanti!$B$5,A_DATA,$B31)+COUNTIFS(A_PERS,Partecipanti!$B$5,A_SETT,$A31,A_TIPO,"Licenza - settimana intera")+COUNTIFS(A_PERS,Partecipanti!$B$5,A_SETT,$A31,A_TIPO,"Attività esterna - settimana intera")>0,0,1) | H31: =IF(COUNTIFS(A_PERS,Partecipanti!$B$6,A_DATA,$B31)+COUNTIFS(A_PERS,Partecipanti!$B$6,A_SETT,$A31,A_TIPO,"Licenza - settimana intera")+COUNTIFS(A_PERS,Partecipanti!$B$6,A_SETT,$A31,A_TIPO,"Attività esterna - settimana intera")>0,0,1) | I31: =IF(COUNTIFS(A_PERS,Partecipanti!$B$7,A_DATA,$B31)+COUNTIFS(A_PERS,Partecipanti!$B$7,A_SETT,$A31,A_TIPO,"Licenza - settimana intera")+COUNTIFS(A_PERS,Partecipanti!$B$7,A_SETT,$A31,A_TIPO,"Attività esterna - settimana intera")>0,0,1) | J31: =IF(COUNTIFS(A_PERS,Partecipanti!$B$8,A_DATA,$B31)+COUNTIFS(A_PERS,Partecipanti!$B$8,A_SETT,$A31,A_TIPO,"Licenza - settimana intera")+COUNTIFS(A_PERS,Partecipanti!$B$8,A_SETT,$A31,A_TIPO,"Attività esterna - settimana intera")>0,0,1) | K31: =IF(COUNTIFS(A_PERS,Partecipanti!$B$9,A_DATA,$B31)+COUNTIFS(A_PERS,Partecipanti!$B$9,A_SETT,$A31,A_TIPO,"Licenza - settimana intera")+COUNTIFS(A_PERS,Partecipanti!$B$9,A_SETT,$A31,A_TIPO,"Attività esterna - settimana intera")>0,0,1) | L31: =IFERROR(INDEX($C26:$C30,MATCH(1,INDEX(($T26:$T30=$C31)*1,0),0)),"") | M31: =IF($L31="",0,IF(INDEX($G31:$K31,MATCH($L31,Partecipanti!$B$5:$B$9,0))=1,1,0)) | N31: =IF($G31=0,100000,IF(Partecipanti!$B$5=$C31,100000,COUNTIF($S$6:$S30,Partecipanti!$B$5)*100+MOD(1-MATCH($C31,Partecipanti!$B$5:$B$9,0)-1,5))) | O31: =IF($H31=0,100000,IF(Partecipanti!$B$6=$C31,100000,COUNTIF($S$6:$S30,Partecipanti!$B$6)*100+MOD(2-MATCH($C31,Partecipanti!$B$5:$B$9,0)-1,5))) | P31: =IF($I31=0,100000,IF(Partecipanti!$B$7=$C31,100000,COUNTIF($S$6:$S30,Partecipanti!$B$7)*100+MOD(3-MATCH($C31,Partecipanti!$B$5:$B$9,0)-1,5))) | Q31: =IF($J31=0,100000,IF(Partecipanti!$B$8=$C31,100000,COUNTIF($S$6:$S30,Partecipanti!$B$8)*100+MOD(4-MATCH($C31,Partecipanti!$B$5:$B$9,0)-1,5))) | R31: =IF($K31=0,100000,IF(Partecipanti!$B$9=$C31,100000,COUNTIF($S$6:$S30,Partecipanti!$B$9)*100+MOD(5-MATCH($C31,Partecipanti!$B$5:$B$9,0)-1,5))) | S31: =IF(OR($E31=0,$M31=1),"",IF(MIN($N31:$R31)>=100000,"DA ASSEGNARE",INDEX(Partecipanti!$B$5:$B$9,MATCH(MIN($N31:$R31),$N31:$R31,0)))) | T31: =IF(AND($F31=1,$S31<>"",$S31<>"DA ASSEGNARE"),$S31,"") | U31: =IF($M31=1,$L31,IF($E31=0,$C31,$S31)) | V31: =IF($M31=1,"Recupero",IF($E31=0,"Ordinario",IF($S31="DA ASSEGNARE","DA ASSEGNARE","Sostituzione (doppio turno)"))) | W31: =IF(OR($M31=1,$E31=1),$C31,"") | X31: =IF($M31=1,$L31&" recupera il turno saltato nella settimana "&($A31-1)&"; "&$C31&" a riposo compensativo",IF($E31=1,$C31&" assente ("&$D31&")"&IF($S31="DA ASSEGNARE","; nessun sostituto disponibile","; sostituisce "&$S31&" con doppio turno")&IF($F31=1,"; turno da recuperare nella settimana "&($A31+1),"; turno non da recuperare"),"")) | Y31: =IF($M31=1,"recupera il turno saltato nella settimana "&($A31-1)&", "&$C31&" a riposo",IF($E31=1,IF($S31="DA ASSEGNARE","turno da assegnare: "&$C31&" assente","in sostituzione di "&$C31&", doppio turno"),""))
A32: 6 | B32: 46329 | C32: =Partecipanti!$B$6 | D32: =IF(COUNTIFS(A_PERS,$C32,A_SETT,$A32,A_TIPO,"Licenza - settimana intera")>0,"Licenza - settimana intera",IF(COUNTIFS(A_PERS,$C32,A_SETT,$A32,A_TIPO,"Attività esterna - settimana intera")>0,"Attività esterna - settimana intera",IF(COUNTIFS(A_PERS,$C32,A_DATA,$B32)>0,INDEX(A_TIPO,MATCH(1,INDEX((A_PERS=$C32)*(A_DATA=$B32),0),0)),""))) | E32: =IF($D32="",0,1) | F32: =IF($E32=0,0,IF(OR($D32="Licenza - settimana intera",$D32="Attività esterna - settimana intera"),0,1)) | G32: =IF(COUNTIFS(A_PERS,Partecipanti!$B$5,A_DATA,$B32)+COUNTIFS(A_PERS,Partecipanti!$B$5,A_SETT,$A32,A_TIPO,"Licenza - settimana intera")+COUNTIFS(A_PERS,Partecipanti!$B$5,A_SETT,$A32,A_TIPO,"Attività esterna - settimana intera")>0,0,1) | H32: =IF(COUNTIFS(A_PERS,Partecipanti!$B$6,A_DATA,$B32)+COUNTIFS(A_PERS,Partecipanti!$B$6,A_SETT,$A32,A_TIPO,"Licenza - settimana intera")+COUNTIFS(A_PERS,Partecipanti!$B$6,A_SETT,$A32,A_TIPO,"Attività esterna - settimana intera")>0,0,1) | I32: =IF(COUNTIFS(A_PERS,Partecipanti!$B$7,A_DATA,$B32)+COUNTIFS(A_PERS,Partecipanti!$B$7,A_SETT,$A32,A_TIPO,"Licenza - settimana intera")+COUNTIFS(A_PERS,Partecipanti!$B$7,A_SETT,$A32,A_TIPO,"Attività esterna - settimana intera")>0,0,1) | J32: =IF(COUNTIFS(A_PERS,Partecipanti!$B$8,A_DATA,$B32)+COUNTIFS(A_PERS,Partecipanti!$B$8,A_SETT,$A32,A_TIPO,"Licenza - settimana intera")+COUNTIFS(A_PERS,Partecipanti!$B$8,A_SETT,$A32,A_TIPO,"Attività esterna - settimana intera")>0,0,1) | K32: =IF(COUNTIFS(A_PERS,Partecipanti!$B$9,A_DATA,$B32)+COUNTIFS(A_PERS,Partecipanti!$B$9,A_SETT,$A32,A_TIPO,"Licenza - settimana intera")+COUNTIFS(A_PERS,Partecipanti!$B$9,A_SETT,$A32,A_TIPO,"Attività esterna - settimana intera")>0,0,1) | L32: =IFERROR(INDEX($C26:$C30,MATCH(1,INDEX(($T26:$T30=$C32)*1,0),0)),"") | M32: =IF($L32="",0,IF(INDEX($G32:$K32,MATCH($L32,Partecipanti!$B$5:$B$9,0))=1,1,0)) | N32: =IF($G32=0,100000,IF(Partecipanti!$B$5=$C32,100000,COUNTIF($S$6:$S31,Partecipanti!$B$5)*100+MOD(1-MATCH($C32,Partecipanti!$B$5:$B$9,0)-1,5))) | O32: =IF($H32=0,100000,IF(Partecipanti!$B$6=$C32,100000,COUNTIF($S$6:$S31,Partecipanti!$B$6)*100+MOD(2-MATCH($C32,Partecipanti!$B$5:$B$9,0)-1,5))) | P32: =IF($I32=0,100000,IF(Partecipanti!$B$7=$C32,100000,COUNTIF($S$6:$S31,Partecipanti!$B$7)*100+MOD(3-MATCH($C32,Partecipanti!$B$5:$B$9,0)-1,5))) | Q32: =IF($J32=0,100000,IF(Partecipanti!$B$8=$C32,100000,COUNTIF($S$6:$S31,Partecipanti!$B$8)*100+MOD(4-MATCH($C32,Partecipanti!$B$5:$B$9,0)-1,5))) | R32: =IF($K32=0,100000,IF(Partecipanti!$B$9=$C32,100000,COUNTIF($S$6:$S31,Partecipanti!$B$9)*100+MOD(5-MATCH($C32,Partecipanti!$B$5:$B$9,0)-1,5))) | S32: =IF(OR($E32=0,$M32=1),"",IF(MIN($N32:$R32)>=100000,"DA ASSEGNARE",INDEX(Partecipanti!$B$5:$B$9,MATCH(MIN($N32:$R32),$N32:$R32,0)))) | T32: =IF(AND($F32=1,$S32<>"",$S32<>"DA ASSEGNARE"),$S32,"") | U32: =IF($M32=1,$L32,IF($E32=0,$C32,$S32)) | V32: =IF($M32=1,"Recupero",IF($E32=0,"Ordinario",IF($S32="DA ASSEGNARE","DA ASSEGNARE","Sostituzione (doppio turno)"))) | W32: =IF(OR($M32=1,$E32=1),$C32,"") | X32: =IF($M32=1,$L32&" recupera il turno saltato nella settimana "&($A32-1)&"; "&$C32&" a riposo compensativo",IF($E32=1,$C32&" assente ("&$D32&")"&IF($S32="DA ASSEGNARE","; nessun sostituto disponibile","; sostituisce "&$S32&" con doppio turno")&IF($F32=1,"; turno da recuperare nella settimana "&($A32+1),"; turno non da recuperare"),"")) | Y32: =IF($M32=1,"recupera il turno saltato nella settimana "&($A32-1)&", "&$C32&" a riposo",IF($E32=1,IF($S32="DA ASSEGNARE","turno da assegnare: "&$C32&" assente","in sostituzione di "&$C32&", doppio turno"),""))
A33: 6 | B33: 46330 | C33: =Partecipanti!$B$7 | D33: =IF(COUNTIFS(A_PERS,$C33,A_SETT,$A33,A_TIPO,"Licenza - settimana intera")>0,"Licenza - settimana intera",IF(COUNTIFS(A_PERS,$C33,A_SETT,$A33,A_TIPO,"Attività esterna - settimana intera")>0,"Attività esterna - settimana intera",IF(COUNTIFS(A_PERS,$C33,A_DATA,$B33)>0,INDEX(A_TIPO,MATCH(1,INDEX((A_PERS=$C33)*(A_DATA=$B33),0),0)),""))) | E33: =IF($D33="",0,1) | F33: =IF($E33=0,0,IF(OR($D33="Licenza - settimana intera",$D33="Attività esterna - settimana intera"),0,1)) | G33: =IF(COUNTIFS(A_PERS,Partecipanti!$B$5,A_DATA,$B33)+COUNTIFS(A_PERS,Partecipanti!$B$5,A_SETT,$A33,A_TIPO,"Licenza - settimana intera")+COUNTIFS(A_PERS,Partecipanti!$B$5,A_SETT,$A33,A_TIPO,"Attività esterna - settimana intera")>0,0,1) | H33: =IF(COUNTIFS(A_PERS,Partecipanti!$B$6,A_DATA,$B33)+COUNTIFS(A_PERS,Partecipanti!$B$6,A_SETT,$A33,A_TIPO,"Licenza - settimana intera")+COUNTIFS(A_PERS,Partecipanti!$B$6,A_SETT,$A33,A_TIPO,"Attività esterna - settimana intera")>0,0,1) | I33: =IF(COUNTIFS(A_PERS,Partecipanti!$B$7,A_DATA,$B33)+COUNTIFS(A_PERS,Partecipanti!$B$7,A_SETT,$A33,A_TIPO,"Licenza - settimana intera")+COUNTIFS(A_PERS,Partecipanti!$B$7,A_SETT,$A33,A_TIPO,"Attività esterna - settimana intera")>0,0,1) | J33: =IF(COUNTIFS(A_PERS,Partecipanti!$B$8,A_DATA,$B33)+COUNTIFS(A_PERS,Partecipanti!$B$8,A_SETT,$A33,A_TIPO,"Licenza - settimana intera")+COUNTIFS(A_PERS,Partecipanti!$B$8,A_SETT,$A33,A_TIPO,"Attività esterna - settimana intera")>0,0,1) | K33: =IF(COUNTIFS(A_PERS,Partecipanti!$B$9,A_DATA,$B33)+COUNTIFS(A_PERS,Partecipanti!$B$9,A_SETT,$A33,A_TIPO,"Licenza - settimana intera")+COUNTIFS(A_PERS,Partecipanti!$B$9,A_SETT,$A33,A_TIPO,"Attività esterna - settimana intera")>0,0,1) | L33: =IFERROR(INDEX($C26:$C30,MATCH(1,INDEX(($T26:$T30=$C33)*1,0),0)),"") | M33: =IF($L33="",0,IF(INDEX($G33:$K33,MATCH($L33,Partecipanti!$B$5:$B$9,0))=1,1,0)) | N33: =IF($G33=0,100000,IF(Partecipanti!$B$5=$C33,100000,COUNTIF($S$6:$S32,Partecipanti!$B$5)*100+MOD(1-MATCH($C33,Partecipanti!$B$5:$B$9,0)-1,5))) | O33: =IF($H33=0,100000,IF(Partecipanti!$B$6=$C33,100000,COUNTIF($S$6:$S32,Partecipanti!$B$6)*100+MOD(2-MATCH($C33,Partecipanti!$B$5:$B$9,0)-1,5))) | P33: =IF($I33=0,100000,IF(Partecipanti!$B$7=$C33,100000,COUNTIF($S$6:$S32,Partecipanti!$B$7)*100+MOD(3-MATCH($C33,Partecipanti!$B$5:$B$9,0)-1,5))) | Q33: =IF($J33=0,100000,IF(Partecipanti!$B$8=$C33,100000,COUNTIF($S$6:$S32,Partecipanti!$B$8)*100+MOD(4-MATCH($C33,Partecipanti!$B$5:$B$9,0)-1,5))) | R33: =IF($K33=0,100000,IF(Partecipanti!$B$9=$C33,100000,COUNTIF($S$6:$S32,Partecipanti!$B$9)*100+MOD(5-MATCH($C33,Partecipanti!$B$5:$B$9,0)-1,5))) | S33: =IF(OR($E33=0,$M33=1),"",IF(MIN($N33:$R33)>=100000,"DA ASSEGNARE",INDEX(Partecipanti!$B$5:$B$9,MATCH(MIN($N33:$R33),$N33:$R33,0)))) | T33: =IF(AND($F33=1,$S33<>"",$S33<>"DA ASSEGNARE"),$S33,"") | U33: =IF($M33=1,$L33,IF($E33=0,$C33,$S33)) | V33: =IF($M33=1,"Recupero",IF($E33=0,"Ordinario",IF($S33="DA ASSEGNARE","DA ASSEGNARE","Sostituzione (doppio turno)"))) | W33: =IF(OR($M33=1,$E33=1),$C33,"") | X33: =IF($M33=1,$L33&" recupera il turno saltato nella settimana "&($A33-1)&"; "&$C33&" a riposo compensativo",IF($E33=1,$C33&" assente ("&$D33&")"&IF($S33="DA ASSEGNARE","; nessun sostituto disponibile","; sostituisce "&$S33&" con doppio turno")&IF($F33=1,"; turno da recuperare nella settimana "&($A33+1),"; turno non da recuperare"),"")) | Y33: =IF($M33=1,"recupera il turno saltato nella settimana "&($A33-1)&", "&$C33&" a riposo",IF($E33=1,IF($S33="DA ASSEGNARE","turno da assegnare: "&$C33&" assente","in sostituzione di "&$C33&", doppio turno"),""))
A34: 6 | B34: 46331 | C34: =Partecipanti!$B$8 | D34: =IF(COUNTIFS(A_PERS,$C34,A_SETT,$A34,A_TIPO,"Licenza - settimana intera")>0,"Licenza - settimana intera",IF(COUNTIFS(A_PERS,$C34,A_SETT,$A34,A_TIPO,"Attività esterna - settimana intera")>0,"Attività esterna - settimana intera",IF(COUNTIFS(A_PERS,$C34,A_DATA,$B34)>0,INDEX(A_TIPO,MATCH(1,INDEX((A_PERS=$C34)*(A_DATA=$B34),0),0)),""))) | E34: =IF($D34="",0,1) | F34: =IF($E34=0,0,IF(OR($D34="Licenza - settimana intera",$D34="Attività esterna - settimana intera"),0,1)) | G34: =IF(COUNTIFS(A_PERS,Partecipanti!$B$5,A_DATA,$B34)+COUNTIFS(A_PERS,Partecipanti!$B$5,A_SETT,$A34,A_TIPO,"Licenza - settimana intera")+COUNTIFS(A_PERS,Partecipanti!$B$5,A_SETT,$A34,A_TIPO,"Attività esterna - settimana intera")>0,0,1) | H34: =IF(COUNTIFS(A_PERS,Partecipanti!$B$6,A_DATA,$B34)+COUNTIFS(A_PERS,Partecipanti!$B$6,A_SETT,$A34,A_TIPO,"Licenza - settimana intera")+COUNTIFS(A_PERS,Partecipanti!$B$6,A_SETT,$A34,A_TIPO,"Attività esterna - settimana intera")>0,0,1) | I34: =IF(COUNTIFS(A_PERS,Partecipanti!$B$7,A_DATA,$B34)+COUNTIFS(A_PERS,Partecipanti!$B$7,A_SETT,$A34,A_TIPO,"Licenza - settimana intera")+COUNTIFS(A_PERS,Partecipanti!$B$7,A_SETT,$A34,A_TIPO,"Attività esterna - settimana intera")>0,0,1) | J34: =IF(COUNTIFS(A_PERS,Partecipanti!$B$8,A_DATA,$B34)+COUNTIFS(A_PERS,Partecipanti!$B$8,A_SETT,$A34,A_TIPO,"Licenza - settimana intera")+COUNTIFS(A_PERS,Partecipanti!$B$8,A_SETT,$A34,A_TIPO,"Attività esterna - settimana intera")>0,0,1) | K34: =IF(COUNTIFS(A_PERS,Partecipanti!$B$9,A_DATA,$B34)+COUNTIFS(A_PERS,Partecipanti!$B$9,A_SETT,$A34,A_TIPO,"Licenza - settimana intera")+COUNTIFS(A_PERS,Partecipanti!$B$9,A_SETT,$A34,A_TIPO,"Attività esterna - settimana intera")>0,0,1) | L34: =IFERROR(INDEX($C26:$C30,MATCH(1,INDEX(($T26:$T30=$C34)*1,0),0)),"") | M34: =IF($L34="",0,IF(INDEX($G34:$K34,MATCH($L34,Partecipanti!$B$5:$B$9,0))=1,1,0)) | N34: =IF($G34=0,100000,IF(Partecipanti!$B$5=$C34,100000,COUNTIF($S$6:$S33,Partecipanti!$B$5)*100+MOD(1-MATCH($C34,Partecipanti!$B$5:$B$9,0)-1,5))) | O34: =IF($H34=0,100000,IF(Partecipanti!$B$6=$C34,100000,COUNTIF($S$6:$S33,Partecipanti!$B$6)*100+MOD(2-MATCH($C34,Partecipanti!$B$5:$B$9,0)-1,5))) | P34: =IF($I34=0,100000,IF(Partecipanti!$B$7=$C34,100000,COUNTIF($S$6:$S33,Partecipanti!$B$7)*100+MOD(3-MATCH($C34,Partecipanti!$B$5:$B$9,0)-1,5))) | Q34: =IF($J34=0,100000,IF(Partecipanti!$B$8=$C34,100000,COUNTIF($S$6:$S33,Partecipanti!$B$8)*100+MOD(4-MATCH($C34,Partecipanti!$B$5:$B$9,0)-1,5))) | R34: =IF($K34=0,100000,IF(Partecipanti!$B$9=$C34,100000,COUNTIF($S$6:$S33,Partecipanti!$B$9)*100+MOD(5-MATCH($C34,Partecipanti!$B$5:$B$9,0)-1,5))) | S34: =IF(OR($E34=0,$M34=1),"",IF(MIN($N34:$R34)>=100000,"DA ASSEGNARE",INDEX(Partecipanti!$B$5:$B$9,MATCH(MIN($N34:$R34),$N34:$R34,0)))) | T34: =IF(AND($F34=1,$S34<>"",$S34<>"DA ASSEGNARE"),$S34,"") | U34: =IF($M34=1,$L34,IF($E34=0,$C34,$S34)) | V34: =IF($M34=1,"Recupero",IF($E34=0,"Ordinario",IF($S34="DA ASSEGNARE","DA ASSEGNARE","Sostituzione (doppio turno)"))) | W34: =IF(OR($M34=1,$E34=1),$C34,"") | X34: =IF($M34=1,$L34&" recupera il turno saltato nella settimana "&($A34-1)&"; "&$C34&" a riposo compensativo",IF($E34=1,$C34&" assente ("&$D34&")"&IF($S34="DA ASSEGNARE","; nessun sostituto disponibile","; sostituisce "&$S34&" con doppio turno")&IF($F34=1,"; turno da recuperare nella settimana "&($A34+1),"; turno non da recuperare"),"")) | Y34: =IF($M34=1,"recupera il turno saltato nella settimana "&($A34-1)&", "&$C34&" a riposo",IF($E34=1,IF($S34="DA ASSEGNARE","turno da assegnare: "&$C34&" assente","in sostituzione di "&$C34&", doppio turno"),""))
A35: 6 | B35: 46332 | C35: =Partecipanti!$B$9 | D35: =IF(COUNTIFS(A_PERS,$C35,A_SETT,$A35,A_TIPO,"Licenza - settimana intera")>0,"Licenza - settimana intera",IF(COUNTIFS(A_PERS,$C35,A_SETT,$A35,A_TIPO,"Attività esterna - settimana intera")>0,"Attività esterna - settimana intera",IF(COUNTIFS(A_PERS,$C35,A_DATA,$B35)>0,INDEX(A_TIPO,MATCH(1,INDEX((A_PERS=$C35)*(A_DATA=$B35),0),0)),""))) | E35: =IF($D35="",0,1) | F35: =IF($E35=0,0,IF(OR($D35="Licenza - settimana intera",$D35="Attività esterna - settimana intera"),0,1)) | G35: =IF(COUNTIFS(A_PERS,Partecipanti!$B$5,A_DATA,$B35)+COUNTIFS(A_PERS,Partecipanti!$B$5,A_SETT,$A35,A_TIPO,"Licenza - settimana intera")+COUNTIFS(A_PERS,Partecipanti!$B$5,A_SETT,$A35,A_TIPO,"Attività esterna - settimana intera")>0,0,1) | H35: =IF(COUNTIFS(A_PERS,Partecipanti!$B$6,A_DATA,$B35)+COUNTIFS(A_PERS,Partecipanti!$B$6,A_SETT,$A35,A_TIPO,"Licenza - settimana intera")+COUNTIFS(A_PERS,Partecipanti!$B$6,A_SETT,$A35,A_TIPO,"Attività esterna - settimana intera")>0,0,1) | I35: =IF(COUNTIFS(A_PERS,Partecipanti!$B$7,A_DATA,$B35)+COUNTIFS(A_PERS,Partecipanti!$B$7,A_SETT,$A35,A_TIPO,"Licenza - settimana intera")+COUNTIFS(A_PERS,Partecipanti!$B$7,A_SETT,$A35,A_TIPO,"Attività esterna - settimana intera")>0,0,1) | J35: =IF(COUNTIFS(A_PERS,Partecipanti!$B$8,A_DATA,$B35)+COUNTIFS(A_PERS,Partecipanti!$B$8,A_SETT,$A35,A_TIPO,"Licenza - settimana intera")+COUNTIFS(A_PERS,Partecipanti!$B$8,A_SETT,$A35,A_TIPO,"Attività esterna - settimana intera")>0,0,1) | K35: =IF(COUNTIFS(A_PERS,Partecipanti!$B$9,A_DATA,$B35)+COUNTIFS(A_PERS,Partecipanti!$B$9,A_SETT,$A35,A_TIPO,"Licenza - settimana intera")+COUNTIFS(A_PERS,Partecipanti!$B$9,A_SETT,$A35,A_TIPO,"Attività esterna - settimana intera")>0,0,1) | L35: =IFERROR(INDEX($C26:$C30,MATCH(1,INDEX(($T26:$T30=$C35)*1,0),0)),"") | M35: =IF($L35="",0,IF(INDEX($G35:$K35,MATCH($L35,Partecipanti!$B$5:$B$9,0))=1,1,0)) | N35: =IF($G35=0,100000,IF(Partecipanti!$B$5=$C35,100000,COUNTIF($S$6:$S34,Partecipanti!$B$5)*100+MOD(1-MATCH($C35,Partecipanti!$B$5:$B$9,0)-1,5))) | O35: =IF($H35=0,100000,IF(Partecipanti!$B$6=$C35,100000,COUNTIF($S$6:$S34,Partecipanti!$B$6)*100+MOD(2-MATCH($C35,Partecipanti!$B$5:$B$9,0)-1,5))) | P35: =IF($I35=0,100000,IF(Partecipanti!$B$7=$C35,100000,COUNTIF($S$6:$S34,Partecipanti!$B$7)*100+MOD(3-MATCH($C35,Partecipanti!$B$5:$B$9,0)-1,5))) | Q35: =IF($J35=0,100000,IF(Partecipanti!$B$8=$C35,100000,COUNTIF($S$6:$S34,Partecipanti!$B$8)*100+MOD(4-MATCH($C35,Partecipanti!$B$5:$B$9,0)-1,5))) | R35: =IF($K35=0,100000,IF(Partecipanti!$B$9=$C35,100000,COUNTIF($S$6:$S34,Partecipanti!$B$9)*100+MOD(5-MATCH($C35,Partecipanti!$B$5:$B$9,0)-1,5))) | S35: =IF(OR($E35=0,$M35=1),"",IF(MIN($N35:$R35)>=100000,"DA ASSEGNARE",INDEX(Partecipanti!$B$5:$B$9,MATCH(MIN($N35:$R35),$N35:$R35,0)))) | T35: =IF(AND($F35=1,$S35<>"",$S35<>"DA ASSEGNARE"),$S35,"") | U35: =IF($M35=1,$L35,IF($E35=0,$C35,$S35)) | V35: =IF($M35=1,"Recupero",IF($E35=0,"Ordinario",IF($S35="DA ASSEGNARE","DA ASSEGNARE","Sostituzione (doppio turno)"))) | W35: =IF(OR($M35=1,$E35=1),$C35,"") | X35: =IF($M35=1,$L35&" recupera il turno saltato nella settimana "&($A35-1)&"; "&$C35&" a riposo compensativo",IF($E35=1,$C35&" assente ("&$D35&")"&IF($S35="DA ASSEGNARE","; nessun sostituto disponibile","; sostituisce "&$S35&" con doppio turno")&IF($F35=1,"; turno da recuperare nella settimana "&($A35+1),"; turno non da recuperare"),"")) | Y35: =IF($M35=1,"recupera il turno saltato nella settimana "&($A35-1)&", "&$C35&" a riposo",IF($E35=1,IF($S35="DA ASSEGNARE","turno da assegnare: "&$C35&" assente","in sostituzione di "&$C35&", doppio turno"),""))
A36: 7 | B36: 46335 | C36: =Partecipanti!$B$5 | D36: =IF(COUNTIFS(A_PERS,$C36,A_SETT,$A36,A_TIPO,"Licenza - settimana intera")>0,"Licenza - settimana intera",IF(COUNTIFS(A_PERS,$C36,A_SETT,$A36,A_TIPO,"Attività esterna - settimana intera")>0,"Attività esterna - settimana intera",IF(COUNTIFS(A_PERS,$C36,A_DATA,$B36)>0,INDEX(A_TIPO,MATCH(1,INDEX((A_PERS=$C36)*(A_DATA=$B36),0),0)),""))) | E36: =IF($D36="",0,1) | F36: =IF($E36=0,0,IF(OR($D36="Licenza - settimana intera",$D36="Attività esterna - settimana intera"),0,1)) | G36: =IF(COUNTIFS(A_PERS,Partecipanti!$B$5,A_DATA,$B36)+COUNTIFS(A_PERS,Partecipanti!$B$5,A_SETT,$A36,A_TIPO,"Licenza - settimana intera")+COUNTIFS(A_PERS,Partecipanti!$B$5,A_SETT,$A36,A_TIPO,"Attività esterna - settimana intera")>0,0,1) | H36: =IF(COUNTIFS(A_PERS,Partecipanti!$B$6,A_DATA,$B36)+COUNTIFS(A_PERS,Partecipanti!$B$6,A_SETT,$A36,A_TIPO,"Licenza - settimana intera")+COUNTIFS(A_PERS,Partecipanti!$B$6,A_SETT,$A36,A_TIPO,"Attività esterna - settimana intera")>0,0,1) | I36: =IF(COUNTIFS(A_PERS,Partecipanti!$B$7,A_DATA,$B36)+COUNTIFS(A_PERS,Partecipanti!$B$7,A_SETT,$A36,A_TIPO,"Licenza - settimana intera")+COUNTIFS(A_PERS,Partecipanti!$B$7,A_SETT,$A36,A_TIPO,"Attività esterna - settimana intera")>0,0,1) | J36: =IF(COUNTIFS(A_PERS,Partecipanti!$B$8,A_DATA,$B36)+COUNTIFS(A_PERS,Partecipanti!$B$8,A_SETT,$A36,A_TIPO,"Licenza - settimana intera")+COUNTIFS(A_PERS,Partecipanti!$B$8,A_SETT,$A36,A_TIPO,"Attività esterna - settimana intera")>0,0,1) | K36: =IF(COUNTIFS(A_PERS,Partecipanti!$B$9,A_DATA,$B36)+COUNTIFS(A_PERS,Partecipanti!$B$9,A_SETT,$A36,A_TIPO,"Licenza - settimana intera")+COUNTIFS(A_PERS,Partecipanti!$B$9,A_SETT,$A36,A_TIPO,"Attività esterna - settimana intera")>0,0,1) | L36: =IFERROR(INDEX($C31:$C35,MATCH(1,INDEX(($T31:$T35=$C36)*1,0),0)),"") | M36: =IF($L36="",0,IF(INDEX($G36:$K36,MATCH($L36,Partecipanti!$B$5:$B$9,0))=1,1,0)) | N36: =IF($G36=0,100000,IF(Partecipanti!$B$5=$C36,100000,COUNTIF($S$6:$S35,Partecipanti!$B$5)*100+MOD(1-MATCH($C36,Partecipanti!$B$5:$B$9,0)-1,5))) | O36: =IF($H36=0,100000,IF(Partecipanti!$B$6=$C36,100000,COUNTIF($S$6:$S35,Partecipanti!$B$6)*100+MOD(2-MATCH($C36,Partecipanti!$B$5:$B$9,0)-1,5))) | P36: =IF($I36=0,100000,IF(Partecipanti!$B$7=$C36,100000,COUNTIF($S$6:$S35,Partecipanti!$B$7)*100+MOD(3-MATCH($C36,Partecipanti!$B$5:$B$9,0)-1,5))) | Q36: =IF($J36=0,100000,IF(Partecipanti!$B$8=$C36,100000,COUNTIF($S$6:$S35,Partecipanti!$B$8)*100+MOD(4-MATCH($C36,Partecipanti!$B$5:$B$9,0)-1,5))) | R36: =IF($K36=0,100000,IF(Partecipanti!$B$9=$C36,100000,COUNTIF($S$6:$S35,Partecipanti!$B$9)*100+MOD(5-MATCH($C36,Partecipanti!$B$5:$B$9,0)-1,5))) | S36: =IF(OR($E36=0,$M36=1),"",IF(MIN($N36:$R36)>=100000,"DA ASSEGNARE",INDEX(Partecipanti!$B$5:$B$9,MATCH(MIN($N36:$R36),$N36:$R36,0)))) | T36: =IF(AND($F36=1,$S36<>"",$S36<>"DA ASSEGNARE"),$S36,"") | U36: =IF($M36=1,$L36,IF($E36=0,$C36,$S36)) | V36: =IF($M36=1,"Recupero",IF($E36=0,"Ordinario",IF($S36="DA ASSEGNARE","DA ASSEGNARE","Sostituzione (doppio turno)"))) | W36: =IF(OR($M36=1,$E36=1),$C36,"") | X36: =IF($M36=1,$L36&" recupera il turno saltato nella settimana "&($A36-1)&"; "&$C36&" a riposo compensativo",IF($E36=1,$C36&" assente ("&$D36&")"&IF($S36="DA ASSEGNARE","; nessun sostituto disponibile","; sostituisce "&$S36&" con doppio turno")&IF($F36=1,"; turno da recuperare nella settimana "&($A36+1),"; turno non da recuperare"),"")) | Y36: =IF($M36=1,"recupera il turno saltato nella settimana "&($A36-1)&", "&$C36&" a riposo",IF($E36=1,IF($S36="DA ASSEGNARE","turno da assegnare: "&$C36&" assente","in sostituzione di "&$C36&", doppio turno"),""))
A37: 7 | B37: 46336 | C37: =Partecipanti!$B$6 | D37: =IF(COUNTIFS(A_PERS,$C37,A_SETT,$A37,A_TIPO,"Licenza - settimana intera")>0,"Licenza - settimana intera",IF(COUNTIFS(A_PERS,$C37,A_SETT,$A37,A_TIPO,"Attività esterna - settimana intera")>0,"Attività esterna - settimana intera",IF(COUNTIFS(A_PERS,$C37,A_DATA,$B37)>0,INDEX(A_TIPO,MATCH(1,INDEX((A_PERS=$C37)*(A_DATA=$B37),0),0)),""))) | E37: =IF($D37="",0,1) | F37: =IF($E37=0,0,IF(OR($D37="Licenza - settimana intera",$D37="Attività esterna - settimana intera"),0,1)) | G37: =IF(COUNTIFS(A_PERS,Partecipanti!$B$5,A_DATA,$B37)+COUNTIFS(A_PERS,Partecipanti!$B$5,A_SETT,$A37,A_TIPO,"Licenza - settimana intera")+COUNTIFS(A_PERS,Partecipanti!$B$5,A_SETT,$A37,A_TIPO,"Attività esterna - settimana intera")>0,0,1) | H37: =IF(COUNTIFS(A_PERS,Partecipanti!$B$6,A_DATA,$B37)+COUNTIFS(A_PERS,Partecipanti!$B$6,A_SETT,$A37,A_TIPO,"Licenza - settimana intera")+COUNTIFS(A_PERS,Partecipanti!$B$6,A_SETT,$A37,A_TIPO,"Attività esterna - settimana intera")>0,0,1) | I37: =IF(COUNTIFS(A_PERS,Partecipanti!$B$7,A_DATA,$B37)+COUNTIFS(A_PERS,Partecipanti!$B$7,A_SETT,$A37,A_TIPO,"Licenza - settimana intera")+COUNTIFS(A_PERS,Partecipanti!$B$7,A_SETT,$A37,A_TIPO,"Attività esterna - settimana intera")>0,0,1) | J37: =IF(COUNTIFS(A_PERS,Partecipanti!$B$8,A_DATA,$B37)+COUNTIFS(A_PERS,Partecipanti!$B$8,A_SETT,$A37,A_TIPO,"Licenza - settimana intera")+COUNTIFS(A_PERS,Partecipanti!$B$8,A_SETT,$A37,A_TIPO,"Attività esterna - settimana intera")>0,0,1) | K37: =IF(COUNTIFS(A_PERS,Partecipanti!$B$9,A_DATA,$B37)+COUNTIFS(A_PERS,Partecipanti!$B$9,A_SETT,$A37,A_TIPO,"Licenza - settimana intera")+COUNTIFS(A_PERS,Partecipanti!$B$9,A_SETT,$A37,A_TIPO,"Attività esterna - settimana intera")>0,0,1) | L37: =IFERROR(INDEX($C31:$C35,MATCH(1,INDEX(($T31:$T35=$C37)*1,0),0)),"") | M37: =IF($L37="",0,IF(INDEX($G37:$K37,MATCH($L37,Partecipanti!$B$5:$B$9,0))=1,1,0)) | N37: =IF($G37=0,100000,IF(Partecipanti!$B$5=$C37,100000,COUNTIF($S$6:$S36,Partecipanti!$B$5)*100+MOD(1-MATCH($C37,Partecipanti!$B$5:$B$9,0)-1,5))) | O37: =IF($H37=0,100000,IF(Partecipanti!$B$6=$C37,100000,COUNTIF($S$6:$S36,Partecipanti!$B$6)*100+MOD(2-MATCH($C37,Partecipanti!$B$5:$B$9,0)-1,5))) | P37: =IF($I37=0,100000,IF(Partecipanti!$B$7=$C37,100000,COUNTIF($S$6:$S36,Partecipanti!$B$7)*100+MOD(3-MATCH($C37,Partecipanti!$B$5:$B$9,0)-1,5))) | Q37: =IF($J37=0,100000,IF(Partecipanti!$B$8=$C37,100000,COUNTIF($S$6:$S36,Partecipanti!$B$8)*100+MOD(4-MATCH($C37,Partecipanti!$B$5:$B$9,0)-1,5))) | R37: =IF($K37=0,100000,IF(Partecipanti!$B$9=$C37,100000,COUNTIF($S$6:$S36,Partecipanti!$B$9)*100+MOD(5-MATCH($C37,Partecipanti!$B$5:$B$9,0)-1,5))) | S37: =IF(OR($E37=0,$M37=1),"",IF(MIN($N37:$R37)>=100000,"DA ASSEGNARE",INDEX(Partecipanti!$B$5:$B$9,MATCH(MIN($N37:$R37),$N37:$R37,0)))) | T37: =IF(AND($F37=1,$S37<>"",$S37<>"DA ASSEGNARE"),$S37,"") | U37: =IF($M37=1,$L37,IF($E37=0,$C37,$S37)) | V37: =IF($M37=1,"Recupero",IF($E37=0,"Ordinario",IF($S37="DA ASSEGNARE","DA ASSEGNARE","Sostituzione (doppio turno)"))) | W37: =IF(OR($M37=1,$E37=1),$C37,"") | X37: =IF($M37=1,$L37&" recupera il turno saltato nella settimana "&($A37-1)&"; "&$C37&" a riposo compensativo",IF($E37=1,$C37&" assente ("&$D37&")"&IF($S37="DA ASSEGNARE","; nessun sostituto disponibile","; sostituisce "&$S37&" con doppio turno")&IF($F37=1,"; turno da recuperare nella settimana "&($A37+1),"; turno non da recuperare"),"")) | Y37: =IF($M37=1,"recupera il turno saltato nella settimana "&($A37-1)&", "&$C37&" a riposo",IF($E37=1,IF($S37="DA ASSEGNARE","turno da assegnare: "&$C37&" assente","in sostituzione di "&$C37&", doppio turno"),""))
A38: 7 | B38: 46337 | C38: =Partecipanti!$B$7 | D38: =IF(COUNTIFS(A_PERS,$C38,A_SETT,$A38,A_TIPO,"Licenza - settimana intera")>0,"Licenza - settimana intera",IF(COUNTIFS(A_PERS,$C38,A_SETT,$A38,A_TIPO,"Attività esterna - settimana intera")>0,"Attività esterna - settimana intera",IF(COUNTIFS(A_PERS,$C38,A_DATA,$B38)>0,INDEX(A_TIPO,MATCH(1,INDEX((A_PERS=$C38)*(A_DATA=$B38),0),0)),""))) | E38: =IF($D38="",0,1) | F38: =IF($E38=0,0,IF(OR($D38="Licenza - settimana intera",$D38="Attività esterna - settimana intera"),0,1)) | G38: =IF(COUNTIFS(A_PERS,Partecipanti!$B$5,A_DATA,$B38)+COUNTIFS(A_PERS,Partecipanti!$B$5,A_SETT,$A38,A_TIPO,"Licenza - settimana intera")+COUNTIFS(A_PERS,Partecipanti!$B$5,A_SETT,$A38,A_TIPO,"Attività esterna - settimana intera")>0,0,1) | H38: =IF(COUNTIFS(A_PERS,Partecipanti!$B$6,A_DATA,$B38)+COUNTIFS(A_PERS,Partecipanti!$B$6,A_SETT,$A38,A_TIPO,"Licenza - settimana intera")+COUNTIFS(A_PERS,Partecipanti!$B$6,A_SETT,$A38,A_TIPO,"Attività esterna - settimana intera")>0,0,1) | I38: =IF(COUNTIFS(A_PERS,Partecipanti!$B$7,A_DATA,$B38)+COUNTIFS(A_PERS,Partecipanti!$B$7,A_SETT,$A38,A_TIPO,"Licenza - settimana intera")+COUNTIFS(A_PERS,Partecipanti!$B$7,A_SETT,$A38,A_TIPO,"Attività esterna - settimana intera")>0,0,1) | J38: =IF(COUNTIFS(A_PERS,Partecipanti!$B$8,A_DATA,$B38)+COUNTIFS(A_PERS,Partecipanti!$B$8,A_SETT,$A38,A_TIPO,"Licenza - settimana intera")+COUNTIFS(A_PERS,Partecipanti!$B$8,A_SETT,$A38,A_TIPO,"Attività esterna - settimana intera")>0,0,1) | K38: =IF(COUNTIFS(A_PERS,Partecipanti!$B$9,A_DATA,$B38)+COUNTIFS(A_PERS,Partecipanti!$B$9,A_SETT,$A38,A_TIPO,"Licenza - settimana intera")+COUNTIFS(A_PERS,Partecipanti!$B$9,A_SETT,$A38,A_TIPO,"Attività esterna - settimana intera")>0,0,1) | L38: =IFERROR(INDEX($C31:$C35,MATCH(1,INDEX(($T31:$T35=$C38)*1,0),0)),"") | M38: =IF($L38="",0,IF(INDEX($G38:$K38,MATCH($L38,Partecipanti!$B$5:$B$9,0))=1,1,0)) | N38: =IF($G38=0,100000,IF(Partecipanti!$B$5=$C38,100000,COUNTIF($S$6:$S37,Partecipanti!$B$5)*100+MOD(1-MATCH($C38,Partecipanti!$B$5:$B$9,0)-1,5))) | O38: =IF($H38=0,100000,IF(Partecipanti!$B$6=$C38,100000,COUNTIF($S$6:$S37,Partecipanti!$B$6)*100+MOD(2-MATCH($C38,Partecipanti!$B$5:$B$9,0)-1,5))) | P38: =IF($I38=0,100000,IF(Partecipanti!$B$7=$C38,100000,COUNTIF($S$6:$S37,Partecipanti!$B$7)*100+MOD(3-MATCH($C38,Partecipanti!$B$5:$B$9,0)-1,5))) | Q38: =IF($J38=0,100000,IF(Partecipanti!$B$8=$C38,100000,COUNTIF($S$6:$S37,Partecipanti!$B$8)*100+MOD(4-MATCH($C38,Partecipanti!$B$5:$B$9,0)-1,5))) | R38: =IF($K38=0,100000,IF(Partecipanti!$B$9=$C38,100000,COUNTIF($S$6:$S37,Partecipanti!$B$9)*100+MOD(5-MATCH($C38,Partecipanti!$B$5:$B$9,0)-1,5))) | S38: =IF(OR($E38=0,$M38=1),"",IF(MIN($N38:$R38)>=100000,"DA ASSEGNARE",INDEX(Partecipanti!$B$5:$B$9,MATCH(MIN($N38:$R38),$N38:$R38,0)))) | T38: =IF(AND($F38=1,$S38<>"",$S38<>"DA ASSEGNARE"),$S38,"") | U38: =IF($M38=1,$L38,IF($E38=0,$C38,$S38)) | V38: =IF($M38=1,"Recupero",IF($E38=0,"Ordinario",IF($S38="DA ASSEGNARE","DA ASSEGNARE","Sostituzione (doppio turno)"))) | W38: =IF(OR($M38=1,$E38=1),$C38,"") | X38: =IF($M38=1,$L38&" recupera il turno saltato nella settimana "&($A38-1)&"; "&$C38&" a riposo compensativo",IF($E38=1,$C38&" assente ("&$D38&")"&IF($S38="DA ASSEGNARE","; nessun sostituto disponibile","; sostituisce "&$S38&" con doppio turno")&IF($F38=1,"; turno da recuperare nella settimana "&($A38+1),"; turno non da recuperare"),"")) | Y38: =IF($M38=1,"recupera il turno saltato nella settimana "&($A38-1)&", "&$C38&" a riposo",IF($E38=1,IF($S38="DA ASSEGNARE","turno da assegnare: "&$C38&" assente","in sostituzione di "&$C38&", doppio turno"),""))
A39: 7 | B39: 46338 | C39: =Partecipanti!$B$8 | D39: =IF(COUNTIFS(A_PERS,$C39,A_SETT,$A39,A_TIPO,"Licenza - settimana intera")>0,"Licenza - settimana intera",IF(COUNTIFS(A_PERS,$C39,A_SETT,$A39,A_TIPO,"Attività esterna - settimana intera")>0,"Attività esterna - settimana intera",IF(COUNTIFS(A_PERS,$C39,A_DATA,$B39)>0,INDEX(A_TIPO,MATCH(1,INDEX((A_PERS=$C39)*(A_DATA=$B39),0),0)),""))) | E39: =IF($D39="",0,1) | F39: =IF($E39=0,0,IF(OR($D39="Licenza - settimana intera",$D39="Attività esterna - settimana intera"),0,1)) | G39: =IF(COUNTIFS(A_PERS,Partecipanti!$B$5,A_DATA,$B39)+COUNTIFS(A_PERS,Partecipanti!$B$5,A_SETT,$A39,A_TIPO,"Licenza - settimana intera")+COUNTIFS(A_PERS,Partecipanti!$B$5,A_SETT,$A39,A_TIPO,"Attività esterna - settimana intera")>0,0,1) | H39: =IF(COUNTIFS(A_PERS,Partecipanti!$B$6,A_DATA,$B39)+COUNTIFS(A_PERS,Partecipanti!$B$6,A_SETT,$A39,A_TIPO,"Licenza - settimana intera")+COUNTIFS(A_PERS,Partecipanti!$B$6,A_SETT,$A39,A_TIPO,"Attività esterna - settimana intera")>0,0,1) | I39: =IF(COUNTIFS(A_PERS,Partecipanti!$B$7,A_DATA,$B39)+COUNTIFS(A_PERS,Partecipanti!$B$7,A_SETT,$A39,A_TIPO,"Licenza - settimana intera")+COUNTIFS(A_PERS,Partecipanti!$B$7,A_SETT,$A39,A_TIPO,"Attività esterna - settimana intera")>0,0,1) | J39: =IF(COUNTIFS(A_PERS,Partecipanti!$B$8,A_DATA,$B39)+COUNTIFS(A_PERS,Partecipanti!$B$8,A_SETT,$A39,A_TIPO,"Licenza - settimana intera")+COUNTIFS(A_PERS,Partecipanti!$B$8,A_SETT,$A39,A_TIPO,"Attività esterna - settimana intera")>0,0,1) | K39: =IF(COUNTIFS(A_PERS,Partecipanti!$B$9,A_DATA,$B39)+COUNTIFS(A_PERS,Partecipanti!$B$9,A_SETT,$A39,A_TIPO,"Licenza - settimana intera")+COUNTIFS(A_PERS,Partecipanti!$B$9,A_SETT,$A39,A_TIPO,"Attività esterna - settimana intera")>0,0,1) | L39: =IFERROR(INDEX($C31:$C35,MATCH(1,INDEX(($T31:$T35=$C39)*1,0),0)),"") | M39: =IF($L39="",0,IF(INDEX($G39:$K39,MATCH($L39,Partecipanti!$B$5:$B$9,0))=1,1,0)) | N39: =IF($G39=0,100000,IF(Partecipanti!$B$5=$C39,100000,COUNTIF($S$6:$S38,Partecipanti!$B$5)*100+MOD(1-MATCH($C39,Partecipanti!$B$5:$B$9,0)-1,5))) | O39: =IF($H39=0,100000,IF(Partecipanti!$B$6=$C39,100000,COUNTIF($S$6:$S38,Partecipanti!$B$6)*100+MOD(2-MATCH($C39,Partecipanti!$B$5:$B$9,0)-1,5))) | P39: =IF($I39=0,100000,IF(Partecipanti!$B$7=$C39,100000,COUNTIF($S$6:$S38,Partecipanti!$B$7)*100+MOD(3-MATCH($C39,Partecipanti!$B$5:$B$9,0)-1,5))) | Q39: =IF($J39=0,100000,IF(Partecipanti!$B$8=$C39,100000,COUNTIF($S$6:$S38,Partecipanti!$B$8)*100+MOD(4-MATCH($C39,Partecipanti!$B$5:$B$9,0)-1,5))) | R39: =IF($K39=0,100000,IF(Partecipanti!$B$9=$C39,100000,COUNTIF($S$6:$S38,Partecipanti!$B$9)*100+MOD(5-MATCH($C39,Partecipanti!$B$5:$B$9,0)-1,5))) | S39: =IF(OR($E39=0,$M39=1),"",IF(MIN($N39:$R39)>=100000,"DA ASSEGNARE",INDEX(Partecipanti!$B$5:$B$9,MATCH(MIN($N39:$R39),$N39:$R39,0)))) | T39: =IF(AND($F39=1,$S39<>"",$S39<>"DA ASSEGNARE"),$S39,"") | U39: =IF($M39=1,$L39,IF($E39=0,$C39,$S39)) | V39: =IF($M39=1,"Recupero",IF($E39=0,"Ordinario",IF($S39="DA ASSEGNARE","DA ASSEGNARE","Sostituzione (doppio turno)"))) | W39: =IF(OR($M39=1,$E39=1),$C39,"") | X39: =IF($M39=1,$L39&" recupera il turno saltato nella settimana "&($A39-1)&"; "&$C39&" a riposo compensativo",IF($E39=1,$C39&" assente ("&$D39&")"&IF($S39="DA ASSEGNARE","; nessun sostituto disponibile","; sostituisce "&$S39&" con doppio turno")&IF($F39=1,"; turno da recuperare nella settimana "&($A39+1),"; turno non da recuperare"),"")) | Y39: =IF($M39=1,"recupera il turno saltato nella settimana "&($A39-1)&", "&$C39&" a riposo",IF($E39=1,IF($S39="DA ASSEGNARE","turno da assegnare: "&$C39&" assente","in sostituzione di "&$C39&", doppio turno"),""))
A40: 7 | B40: 46339 | C40: =Partecipanti!$B$9 | D40: =IF(COUNTIFS(A_PERS,$C40,A_SETT,$A40,A_TIPO,"Licenza - settimana intera")>0,"Licenza - settimana intera",IF(COUNTIFS(A_PERS,$C40,A_SETT,$A40,A_TIPO,"Attività esterna - settimana intera")>0,"Attività esterna - settimana intera",IF(COUNTIFS(A_PERS,$C40,A_DATA,$B40)>0,INDEX(A_TIPO,MATCH(1,INDEX((A_PERS=$C40)*(A_DATA=$B40),0),0)),""))) | E40: =IF($D40="",0,1) | F40: =IF($E40=0,0,IF(OR($D40="Licenza - settimana intera",$D40="Attività esterna - settimana intera"),0,1)) | G40: =IF(COUNTIFS(A_PERS,Partecipanti!$B$5,A_DATA,$B40)+COUNTIFS(A_PERS,Partecipanti!$B$5,A_SETT,$A40,A_TIPO,"Licenza - settimana intera")+COUNTIFS(A_PERS,Partecipanti!$B$5,A_SETT,$A40,A_TIPO,"Attività esterna - settimana intera")>0,0,1) | H40: =IF(COUNTIFS(A_PERS,Partecipanti!$B$6,A_DATA,$B40)+COUNTIFS(A_PERS,Partecipanti!$B$6,A_SETT,$A40,A_TIPO,"Licenza - settimana intera")+COUNTIFS(A_PERS,Partecipanti!$B$6,A_SETT,$A40,A_TIPO,"Attività esterna - settimana intera")>0,0,1) | I40: =IF(COUNTIFS(A_PERS,Partecipanti!$B$7,A_DATA,$B40)+COUNTIFS(A_PERS,Partecipanti!$B$7,A_SETT,$A40,A_TIPO,"Licenza - settimana intera")+COUNTIFS(A_PERS,Partecipanti!$B$7,A_SETT,$A40,A_TIPO,"Attività esterna - settimana intera")>0,0,1) | J40: =IF(COUNTIFS(A_PERS,Partecipanti!$B$8,A_DATA,$B40)+COUNTIFS(A_PERS,Partecipanti!$B$8,A_SETT,$A40,A_TIPO,"Licenza - settimana intera")+COUNTIFS(A_PERS,Partecipanti!$B$8,A_SETT,$A40,A_TIPO,"Attività esterna - settimana intera")>0,0,1) | K40: =IF(COUNTIFS(A_PERS,Partecipanti!$B$9,A_DATA,$B40)+COUNTIFS(A_PERS,Partecipanti!$B$9,A_SETT,$A40,A_TIPO,"Licenza - settimana intera")+COUNTIFS(A_PERS,Partecipanti!$B$9,A_SETT,$A40,A_TIPO,"Attività esterna - settimana intera")>0,0,1) | L40: =IFERROR(INDEX($C31:$C35,MATCH(1,INDEX(($T31:$T35=$C40)*1,0),0)),"") | M40: =IF($L40="",0,IF(INDEX($G40:$K40,MATCH($L40,Partecipanti!$B$5:$B$9,0))=1,1,0)) | N40: =IF($G40=0,100000,IF(Partecipanti!$B$5=$C40,100000,COUNTIF($S$6:$S39,Partecipanti!$B$5)*100+MOD(1-MATCH($C40,Partecipanti!$B$5:$B$9,0)-1,5))) | O40: =IF($H40=0,100000,IF(Partecipanti!$B$6=$C40,100000,COUNTIF($S$6:$S39,Partecipanti!$B$6)*100+MOD(2-MATCH($C40,Partecipanti!$B$5:$B$9,0)-1,5))) | P40: =IF($I40=0,100000,IF(Partecipanti!$B$7=$C40,100000,COUNTIF($S$6:$S39,Partecipanti!$B$7)*100+MOD(3-MATCH($C40,Partecipanti!$B$5:$B$9,0)-1,5))) | Q40: =IF($J40=0,100000,IF(Partecipanti!$B$8=$C40,100000,COUNTIF($S$6:$S39,Partecipanti!$B$8)*100+MOD(4-MATCH($C40,Partecipanti!$B$5:$B$9,0)-1,5))) | R40: =IF($K40=0,100000,IF(Partecipanti!$B$9=$C40,100000,COUNTIF($S$6:$S39,Partecipanti!$B$9)*100+MOD(5-MATCH($C40,Partecipanti!$B$5:$B$9,0)-1,5))) | S40: =IF(OR($E40=0,$M40=1),"",IF(MIN($N40:$R40)>=100000,"DA ASSEGNARE",INDEX(Partecipanti!$B$5:$B$9,MATCH(MIN($N40:$R40),$N40:$R40,0)))) | T40: =IF(AND($F40=1,$S40<>"",$S40<>"DA ASSEGNARE"),$S40,"") | U40: =IF($M40=1,$L40,IF($E40=0,$C40,$S40)) | V40: =IF($M40=1,"Recupero",IF($E40=0,"Ordinario",IF($S40="DA ASSEGNARE","DA ASSEGNARE","Sostituzione (doppio turno)"))) | W40: =IF(OR($M40=1,$E40=1),$C40,"") | X40: =IF($M40=1,$L40&" recupera il turno saltato nella settimana "&($A40-1)&"; "&$C40&" a riposo compensativo",IF($E40=1,$C40&" assente ("&$D40&")"&IF($S40="DA ASSEGNARE","; nessun sostituto disponibile","; sostituisce "&$S40&" con doppio turno")&IF($F40=1,"; turno da recuperare nella settimana "&($A40+1),"; turno non da recuperare"),"")) | Y40: =IF($M40=1,"recupera il turno saltato nella settimana "&($A40-1)&", "&$C40&" a riposo",IF($E40=1,IF($S40="DA ASSEGNARE","turno da assegnare: "&$C40&" assente","in sostituzione di "&$C40&", doppio turno"),""))
A41: 8 | B41: 46342 | C41: =Partecipanti!$B$5 | D41: =IF(COUNTIFS(A_PERS,$C41,A_SETT,$A41,A_TIPO,"Licenza - settimana intera")>0,"Licenza - settimana intera",IF(COUNTIFS(A_PERS,$C41,A_SETT,$A41,A_TIPO,"Attività esterna - settimana intera")>0,"Attività esterna - settimana intera",IF(COUNTIFS(A_PERS,$C41,A_DATA,$B41)>0,INDEX(A_TIPO,MATCH(1,INDEX((A_PERS=$C41)*(A_DATA=$B41),0),0)),""))) | E41: =IF($D41="",0,1) | F41: =IF($E41=0,0,IF(OR($D41="Licenza - settimana intera",$D41="Attività esterna - settimana intera"),0,1)) | G41: =IF(COUNTIFS(A_PERS,Partecipanti!$B$5,A_DATA,$B41)+COUNTIFS(A_PERS,Partecipanti!$B$5,A_SETT,$A41,A_TIPO,"Licenza - settimana intera")+COUNTIFS(A_PERS,Partecipanti!$B$5,A_SETT,$A41,A_TIPO,"Attività esterna - settimana intera")>0,0,1) | H41: =IF(COUNTIFS(A_PERS,Partecipanti!$B$6,A_DATA,$B41)+COUNTIFS(A_PERS,Partecipanti!$B$6,A_SETT,$A41,A_TIPO,"Licenza - settimana intera")+COUNTIFS(A_PERS,Partecipanti!$B$6,A_SETT,$A41,A_TIPO,"Attività esterna - settimana intera")>0,0,1) | I41: =IF(COUNTIFS(A_PERS,Partecipanti!$B$7,A_DATA,$B41)+COUNTIFS(A_PERS,Partecipanti!$B$7,A_SETT,$A41,A_TIPO,"Licenza - settimana intera")+COUNTIFS(A_PERS,Partecipanti!$B$7,A_SETT,$A41,A_TIPO,"Attività esterna - settimana intera")>0,0,1) | J41: =IF(COUNTIFS(A_PERS,Partecipanti!$B$8,A_DATA,$B41)+COUNTIFS(A_PERS,Partecipanti!$B$8,A_SETT,$A41,A_TIPO,"Licenza - settimana intera")+COUNTIFS(A_PERS,Partecipanti!$B$8,A_SETT,$A41,A_TIPO,"Attività esterna - settimana intera")>0,0,1) | K41: =IF(COUNTIFS(A_PERS,Partecipanti!$B$9,A_DATA,$B41)+COUNTIFS(A_PERS,Partecipanti!$B$9,A_SETT,$A41,A_TIPO,"Licenza - settimana intera")+COUNTIFS(A_PERS,Partecipanti!$B$9,A_SETT,$A41,A_TIPO,"Attività esterna - settimana intera")>0,0,1) | L41: =IFERROR(INDEX($C36:$C40,MATCH(1,INDEX(($T36:$T40=$C41)*1,0),0)),"") | M41: =IF($L41="",0,IF(INDEX($G41:$K41,MATCH($L41,Partecipanti!$B$5:$B$9,0))=1,1,0)) | N41: =IF($G41=0,100000,IF(Partecipanti!$B$5=$C41,100000,COUNTIF($S$6:$S40,Partecipanti!$B$5)*100+MOD(1-MATCH($C41,Partecipanti!$B$5:$B$9,0)-1,5))) | O41: =IF($H41=0,100000,IF(Partecipanti!$B$6=$C41,100000,COUNTIF($S$6:$S40,Partecipanti!$B$6)*100+MOD(2-MATCH($C41,Partecipanti!$B$5:$B$9,0)-1,5))) | P41: =IF($I41=0,100000,IF(Partecipanti!$B$7=$C41,100000,COUNTIF($S$6:$S40,Partecipanti!$B$7)*100+MOD(3-MATCH($C41,Partecipanti!$B$5:$B$9,0)-1,5))) | Q41: =IF($J41=0,100000,IF(Partecipanti!$B$8=$C41,100000,COUNTIF($S$6:$S40,Partecipanti!$B$8)*100+MOD(4-MATCH($C41,Partecipanti!$B$5:$B$9,0)-1,5))) | R41: =IF($K41=0,100000,IF(Partecipanti!$B$9=$C41,100000,COUNTIF($S$6:$S40,Partecipanti!$B$9)*100+MOD(5-MATCH($C41,Partecipanti!$B$5:$B$9,0)-1,5))) | S41: =IF(OR($E41=0,$M41=1),"",IF(MIN($N41:$R41)>=100000,"DA ASSEGNARE",INDEX(Partecipanti!$B$5:$B$9,MATCH(MIN($N41:$R41),$N41:$R41,0)))) | T41: =IF(AND($F41=1,$S41<>"",$S41<>"DA ASSEGNARE"),$S41,"") | U41: =IF($M41=1,$L41,IF($E41=0,$C41,$S41)) | V41: =IF($M41=1,"Recupero",IF($E41=0,"Ordinario",IF($S41="DA ASSEGNARE","DA ASSEGNARE","Sostituzione (doppio turno)"))) | W41: =IF(OR($M41=1,$E41=1),$C41,"") | X41: =IF($M41=1,$L41&" recupera il turno saltato nella settimana "&($A41-1)&"; "&$C41&" a riposo compensativo",IF($E41=1,$C41&" assente ("&$D41&")"&IF($S41="DA ASSEGNARE","; nessun sostituto disponibile","; sostituisce "&$S41&" con doppio turno")&IF($F41=1,"; turno da recuperare nella settimana "&($A41+1),"; turno non da recuperare"),"")) | Y41: =IF($M41=1,"recupera il turno saltato nella settimana "&($A41-1)&", "&$C41&" a riposo",IF($E41=1,IF($S41="DA ASSEGNARE","turno da assegnare: "&$C41&" assente","in sostituzione di "&$C41&", doppio turno"),""))
A42: 8 | B42: 46343 | C42: =Partecipanti!$B$6 | D42: =IF(COUNTIFS(A_PERS,$C42,A_SETT,$A42,A_TIPO,"Licenza - settimana intera")>0,"Licenza - settimana intera",IF(COUNTIFS(A_PERS,$C42,A_SETT,$A42,A_TIPO,"Attività esterna - settimana intera")>0,"Attività esterna - settimana intera",IF(COUNTIFS(A_PERS,$C42,A_DATA,$B42)>0,INDEX(A_TIPO,MATCH(1,INDEX((A_PERS=$C42)*(A_DATA=$B42),0),0)),""))) | E42: =IF($D42="",0,1) | F42: =IF($E42=0,0,IF(OR($D42="Licenza - settimana intera",$D42="Attività esterna - settimana intera"),0,1)) | G42: =IF(COUNTIFS(A_PERS,Partecipanti!$B$5,A_DATA,$B42)+COUNTIFS(A_PERS,Partecipanti!$B$5,A_SETT,$A42,A_TIPO,"Licenza - settimana intera")+COUNTIFS(A_PERS,Partecipanti!$B$5,A_SETT,$A42,A_TIPO,"Attività esterna - settimana intera")>0,0,1) | H42: =IF(COUNTIFS(A_PERS,Partecipanti!$B$6,A_DATA,$B42)+COUNTIFS(A_PERS,Partecipanti!$B$6,A_SETT,$A42,A_TIPO,"Licenza - settimana intera")+COUNTIFS(A_PERS,Partecipanti!$B$6,A_SETT,$A42,A_TIPO,"Attività esterna - settimana intera")>0,0,1) | I42: =IF(COUNTIFS(A_PERS,Partecipanti!$B$7,A_DATA,$B42)+COUNTIFS(A_PERS,Partecipanti!$B$7,A_SETT,$A42,A_TIPO,"Licenza - settimana intera")+COUNTIFS(A_PERS,Partecipanti!$B$7,A_SETT,$A42,A_TIPO,"Attività esterna - settimana intera")>0,0,1) | J42: =IF(COUNTIFS(A_PERS,Partecipanti!$B$8,A_DATA,$B42)+COUNTIFS(A_PERS,Partecipanti!$B$8,A_SETT,$A42,A_TIPO,"Licenza - settimana intera")+COUNTIFS(A_PERS,Partecipanti!$B$8,A_SETT,$A42,A_TIPO,"Attività esterna - settimana intera")>0,0,1) | K42: =IF(COUNTIFS(A_PERS,Partecipanti!$B$9,A_DATA,$B42)+COUNTIFS(A_PERS,Partecipanti!$B$9,A_SETT,$A42,A_TIPO,"Licenza - settimana intera")+COUNTIFS(A_PERS,Partecipanti!$B$9,A_SETT,$A42,A_TIPO,"Attività esterna - settimana intera")>0,0,1) | L42: =IFERROR(INDEX($C36:$C40,MATCH(1,INDEX(($T36:$T40=$C42)*1,0),0)),"") | M42: =IF($L42="",0,IF(INDEX($G42:$K42,MATCH($L42,Partecipanti!$B$5:$B$9,0))=1,1,0)) | N42: =IF($G42=0,100000,IF(Partecipanti!$B$5=$C42,100000,COUNTIF($S$6:$S41,Partecipanti!$B$5)*100+MOD(1-MATCH($C42,Partecipanti!$B$5:$B$9,0)-1,5))) | O42: =IF($H42=0,100000,IF(Partecipanti!$B$6=$C42,100000,COUNTIF($S$6:$S41,Partecipanti!$B$6)*100+MOD(2-MATCH($C42,Partecipanti!$B$5:$B$9,0)-1,5))) | P42: =IF($I42=0,100000,IF(Partecipanti!$B$7=$C42,100000,COUNTIF($S$6:$S41,Partecipanti!$B$7)*100+MOD(3-MATCH($C42,Partecipanti!$B$5:$B$9,0)-1,5))) | Q42: =IF($J42=0,100000,IF(Partecipanti!$B$8=$C42,100000,COUNTIF($S$6:$S41,Partecipanti!$B$8)*100+MOD(4-MATCH($C42,Partecipanti!$B$5:$B$9,0)-1,5))) | R42: =IF($K42=0,100000,IF(Partecipanti!$B$9=$C42,100000,COUNTIF($S$6:$S41,Partecipanti!$B$9)*100+MOD(5-MATCH($C42,Partecipanti!$B$5:$B$9,0)-1,5))) | S42: =IF(OR($E42=0,$M42=1),"",IF(MIN($N42:$R42)>=100000,"DA ASSEGNARE",INDEX(Partecipanti!$B$5:$B$9,MATCH(MIN($N42:$R42),$N42:$R42,0)))) | T42: =IF(AND($F42=1,$S42<>"",$S42<>"DA ASSEGNARE"),$S42,"") | U42: =IF($M42=1,$L42,IF($E42=0,$C42,$S42)) | V42: =IF($M42=1,"Recupero",IF($E42=0,"Ordinario",IF($S42="DA ASSEGNARE","DA ASSEGNARE","Sostituzione (doppio turno)"))) | W42: =IF(OR($M42=1,$E42=1),$C42,"") | X42: =IF($M42=1,$L42&" recupera il turno saltato nella settimana "&($A42-1)&"; "&$C42&" a riposo compensativo",IF($E42=1,$C42&" assente ("&$D42&")"&IF($S42="DA ASSEGNARE","; nessun sostituto disponibile","; sostituisce "&$S42&" con doppio turno")&IF($F42=1,"; turno da recuperare nella settimana "&($A42+1),"; turno non da recuperare"),"")) | Y42: =IF($M42=1,"recupera il turno saltato nella settimana "&($A42-1)&", "&$C42&" a riposo",IF($E42=1,IF($S42="DA ASSEGNARE","turno da assegnare: "&$C42&" assente","in sostituzione di "&$C42&", doppio turno"),""))
A43: 8 | B43: 46344 | C43: =Partecipanti!$B$7 | D43: =IF(COUNTIFS(A_PERS,$C43,A_SETT,$A43,A_TIPO,"Licenza - settimana intera")>0,"Licenza - settimana intera",IF(COUNTIFS(A_PERS,$C43,A_SETT,$A43,A_TIPO,"Attività esterna - settimana intera")>0,"Attività esterna - settimana intera",IF(COUNTIFS(A_PERS,$C43,A_DATA,$B43)>0,INDEX(A_TIPO,MATCH(1,INDEX((A_PERS=$C43)*(A_DATA=$B43),0),0)),""))) | E43: =IF($D43="",0,1) | F43: =IF($E43=0,0,IF(OR($D43="Licenza - settimana intera",$D43="Attività esterna - settimana intera"),0,1)) | G43: =IF(COUNTIFS(A_PERS,Partecipanti!$B$5,A_DATA,$B43)+COUNTIFS(A_PERS,Partecipanti!$B$5,A_SETT,$A43,A_TIPO,"Licenza - settimana intera")+COUNTIFS(A_PERS,Partecipanti!$B$5,A_SETT,$A43,A_TIPO,"Attività esterna - settimana intera")>0,0,1) | H43: =IF(COUNTIFS(A_PERS,Partecipanti!$B$6,A_DATA,$B43)+COUNTIFS(A_PERS,Partecipanti!$B$6,A_SETT,$A43,A_TIPO,"Licenza - settimana intera")+COUNTIFS(A_PERS,Partecipanti!$B$6,A_SETT,$A43,A_TIPO,"Attività esterna - settimana intera")>0,0,1) | I43: =IF(COUNTIFS(A_PERS,Partecipanti!$B$7,A_DATA,$B43)+COUNTIFS(A_PERS,Partecipanti!$B$7,A_SETT,$A43,A_TIPO,"Licenza - settimana intera")+COUNTIFS(A_PERS,Partecipanti!$B$7,A_SETT,$A43,A_TIPO,"Attività esterna - settimana intera")>0,0,1) | J43: =IF(COUNTIFS(A_PERS,Partecipanti!$B$8,A_DATA,$B43)+COUNTIFS(A_PERS,Partecipanti!$B$8,A_SETT,$A43,A_TIPO,"Licenza - settimana intera")+COUNTIFS(A_PERS,Partecipanti!$B$8,A_SETT,$A43,A_TIPO,"Attività esterna - settimana intera")>0,0,1) | K43: =IF(COUNTIFS(A_PERS,Partecipanti!$B$9,A_DATA,$B43)+COUNTIFS(A_PERS,Partecipanti!$B$9,A_SETT,$A43,A_TIPO,"Licenza - settimana intera")+COUNTIFS(A_PERS,Partecipanti!$B$9,A_SETT,$A43,A_TIPO,"Attività esterna - settimana intera")>0,0,1) | L43: =IFERROR(INDEX($C36:$C40,MATCH(1,INDEX(($T36:$T40=$C43)*1,0),0)),"") | M43: =IF($L43="",0,IF(INDEX($G43:$K43,MATCH($L43,Partecipanti!$B$5:$B$9,0))=1,1,0)) | N43: =IF($G43=0,100000,IF(Partecipanti!$B$5=$C43,100000,COUNTIF($S$6:$S42,Partecipanti!$B$5)*100+MOD(1-MATCH($C43,Partecipanti!$B$5:$B$9,0)-1,5))) | O43: =IF($H43=0,100000,IF(Partecipanti!$B$6=$C43,100000,COUNTIF($S$6:$S42,Partecipanti!$B$6)*100+MOD(2-MATCH($C43,Partecipanti!$B$5:$B$9,0)-1,5))) | P43: =IF($I43=0,100000,IF(Partecipanti!$B$7=$C43,100000,COUNTIF($S$6:$S42,Partecipanti!$B$7)*100+MOD(3-MATCH($C43,Partecipanti!$B$5:$B$9,0)-1,5))) | Q43: =IF($J43=0,100000,IF(Partecipanti!$B$8=$C43,100000,COUNTIF($S$6:$S42,Partecipanti!$B$8)*100+MOD(4-MATCH($C43,Partecipanti!$B$5:$B$9,0)-1,5))) | R43: =IF($K43=0,100000,IF(Partecipanti!$B$9=$C43,100000,COUNTIF($S$6:$S42,Partecipanti!$B$9)*100+MOD(5-MATCH($C43,Partecipanti!$B$5:$B$9,0)-1,5))) | S43: =IF(OR($E43=0,$M43=1),"",IF(MIN($N43:$R43)>=100000,"DA ASSEGNARE",INDEX(Partecipanti!$B$5:$B$9,MATCH(MIN($N43:$R43),$N43:$R43,0)))) | T43: =IF(AND($F43=1,$S43<>"",$S43<>"DA ASSEGNARE"),$S43,"") | U43: =IF($M43=1,$L43,IF($E43=0,$C43,$S43)) | V43: =IF($M43=1,"Recupero",IF($E43=0,"Ordinario",IF($S43="DA ASSEGNARE","DA ASSEGNARE","Sostituzione (doppio turno)"))) | W43: =IF(OR($M43=1,$E43=1),$C43,"") | X43: =IF($M43=1,$L43&" recupera il turno saltato nella settimana "&($A43-1)&"; "&$C43&" a riposo compensativo",IF($E43=1,$C43&" assente ("&$D43&")"&IF($S43="DA ASSEGNARE","; nessun sostituto disponibile","; sostituisce "&$S43&" con doppio turno")&IF($F43=1,"; turno da recuperare nella settimana "&($A43+1),"; turno non da recuperare"),"")) | Y43: =IF($M43=1,"recupera il turno saltato nella settimana "&($A43-1)&", "&$C43&" a riposo",IF($E43=1,IF($S43="DA ASSEGNARE","turno da assegnare: "&$C43&" assente","in sostituzione di "&$C43&", doppio turno"),""))
A44: 8 | B44: 46345 | C44: =Partecipanti!$B$8 | D44: =IF(COUNTIFS(A_PERS,$C44,A_SETT,$A44,A_TIPO,"Licenza - settimana intera")>0,"Licenza - settimana intera",IF(COUNTIFS(A_PERS,$C44,A_SETT,$A44,A_TIPO,"Attività esterna - settimana intera")>0,"Attività esterna - settimana intera",IF(COUNTIFS(A_PERS,$C44,A_DATA,$B44)>0,INDEX(A_TIPO,MATCH(1,INDEX((A_PERS=$C44)*(A_DATA=$B44),0),0)),""))) | E44: =IF($D44="",0,1) | F44: =IF($E44=0,0,IF(OR($D44="Licenza - settimana intera",$D44="Attività esterna - settimana intera"),0,1)) | G44: =IF(COUNTIFS(A_PERS,Partecipanti!$B$5,A_DATA,$B44)+COUNTIFS(A_PERS,Partecipanti!$B$5,A_SETT,$A44,A_TIPO,"Licenza - settimana intera")+COUNTIFS(A_PERS,Partecipanti!$B$5,A_SETT,$A44,A_TIPO,"Attività esterna - settimana intera")>0,0,1) | H44: =IF(COUNTIFS(A_PERS,Partecipanti!$B$6,A_DATA,$B44)+COUNTIFS(A_PERS,Partecipanti!$B$6,A_SETT,$A44,A_TIPO,"Licenza - settimana intera")+COUNTIFS(A_PERS,Partecipanti!$B$6,A_SETT,$A44,A_TIPO,"Attività esterna - settimana intera")>0,0,1) | I44: =IF(COUNTIFS(A_PERS,Partecipanti!$B$7,A_DATA,$B44)+COUNTIFS(A_PERS,Partecipanti!$B$7,A_SETT,$A44,A_TIPO,"Licenza - settimana intera")+COUNTIFS(A_PERS,Partecipanti!$B$7,A_SETT,$A44,A_TIPO,"Attività esterna - settimana intera")>0,0,1) | J44: =IF(COUNTIFS(A_PERS,Partecipanti!$B$8,A_DATA,$B44)+COUNTIFS(A_PERS,Partecipanti!$B$8,A_SETT,$A44,A_TIPO,"Licenza - settimana intera")+COUNTIFS(A_PERS,Partecipanti!$B$8,A_SETT,$A44,A_TIPO,"Attività esterna - settimana intera")>0,0,1) | K44: =IF(COUNTIFS(A_PERS,Partecipanti!$B$9,A_DATA,$B44)+COUNTIFS(A_PERS,Partecipanti!$B$9,A_SETT,$A44,A_TIPO,"Licenza - settimana intera")+COUNTIFS(A_PERS,Partecipanti!$B$9,A_SETT,$A44,A_TIPO,"Attività esterna - settimana intera")>0,0,1) | L44: =IFERROR(INDEX($C36:$C40,MATCH(1,INDEX(($T36:$T40=$C44)*1,0),0)),"") | M44: =IF($L44="",0,IF(INDEX($G44:$K44,MATCH($L44,Partecipanti!$B$5:$B$9,0))=1,1,0)) | N44: =IF($G44=0,100000,IF(Partecipanti!$B$5=$C44,100000,COUNTIF($S$6:$S43,Partecipanti!$B$5)*100+MOD(1-MATCH($C44,Partecipanti!$B$5:$B$9,0)-1,5))) | O44: =IF($H44=0,100000,IF(Partecipanti!$B$6=$C44,100000,COUNTIF($S$6:$S43,Partecipanti!$B$6)*100+MOD(2-MATCH($C44,Partecipanti!$B$5:$B$9,0)-1,5))) | P44: =IF($I44=0,100000,IF(Partecipanti!$B$7=$C44,100000,COUNTIF($S$6:$S43,Partecipanti!$B$7)*100+MOD(3-MATCH($C44,Partecipanti!$B$5:$B$9,0)-1,5))) | Q44: =IF($J44=0,100000,IF(Partecipanti!$B$8=$C44,100000,COUNTIF($S$6:$S43,Partecipanti!$B$8)*100+MOD(4-MATCH($C44,Partecipanti!$B$5:$B$9,0)-1,5))) | R44: =IF($K44=0,100000,IF(Partecipanti!$B$9=$C44,100000,COUNTIF($S$6:$S43,Partecipanti!$B$9)*100+MOD(5-MATCH($C44,Partecipanti!$B$5:$B$9,0)-1,5))) | S44: =IF(OR($E44=0,$M44=1),"",IF(MIN($N44:$R44)>=100000,"DA ASSEGNARE",INDEX(Partecipanti!$B$5:$B$9,MATCH(MIN($N44:$R44),$N44:$R44,0)))) | T44: =IF(AND($F44=1,$S44<>"",$S44<>"DA ASSEGNARE"),$S44,"") | U44: =IF($M44=1,$L44,IF($E44=0,$C44,$S44)) | V44: =IF($M44=1,"Recupero",IF($E44=0,"Ordinario",IF($S44="DA ASSEGNARE","DA ASSEGNARE","Sostituzione (doppio turno)"))) | W44: =IF(OR($M44=1,$E44=1),$C44,"") | X44: =IF($M44=1,$L44&" recupera il turno saltato nella settimana "&($A44-1)&"; "&$C44&" a riposo compensativo",IF($E44=1,$C44&" assente ("&$D44&")"&IF($S44="DA ASSEGNARE","; nessun sostituto disponibile","; sostituisce "&$S44&" con doppio turno")&IF($F44=1,"; turno da recuperare nella settimana "&($A44+1),"; turno non da recuperare"),"")) | Y44: =IF($M44=1,"recupera il turno saltato nella settimana "&($A44-1)&", "&$C44&" a riposo",IF($E44=1,IF($S44="DA ASSEGNARE","turno da assegnare: "&$C44&" assente","in sostituzione di "&$C44&", doppio turno"),""))
A45: 8 | B45: 46346 | C45: =Partecipanti!$B$9 | D45: =IF(COUNTIFS(A_PERS,$C45,A_SETT,$A45,A_TIPO,"Licenza - settimana intera")>0,"Licenza - settimana intera",IF(COUNTIFS(A_PERS,$C45,A_SETT,$A45,A_TIPO,"Attività esterna - settimana intera")>0,"Attività esterna - settimana intera",IF(COUNTIFS(A_PERS,$C45,A_DATA,$B45)>0,INDEX(A_TIPO,MATCH(1,INDEX((A_PERS=$C45)*(A_DATA=$B45),0),0)),""))) | E45: =IF($D45="",0,1) | F45: =IF($E45=0,0,IF(OR($D45="Licenza - settimana intera",$D45="Attività esterna - settimana intera"),0,1)) | G45: =IF(COUNTIFS(A_PERS,Partecipanti!$B$5,A_DATA,$B45)+COUNTIFS(A_PERS,Partecipanti!$B$5,A_SETT,$A45,A_TIPO,"Licenza - settimana intera")+COUNTIFS(A_PERS,Partecipanti!$B$5,A_SETT,$A45,A_TIPO,"Attività esterna - settimana intera")>0,0,1) | H45: =IF(COUNTIFS(A_PERS,Partecipanti!$B$6,A_DATA,$B45)+COUNTIFS(A_PERS,Partecipanti!$B$6,A_SETT,$A45,A_TIPO,"Licenza - settimana intera")+COUNTIFS(A_PERS,Partecipanti!$B$6,A_SETT,$A45,A_TIPO,"Attività esterna - settimana intera")>0,0,1) | I45: =IF(COUNTIFS(A_PERS,Partecipanti!$B$7,A_DATA,$B45)+COUNTIFS(A_PERS,Partecipanti!$B$7,A_SETT,$A45,A_TIPO,"Licenza - settimana intera")+COUNTIFS(A_PERS,Partecipanti!$B$7,A_SETT,$A45,A_TIPO,"Attività esterna - settimana intera")>0,0,1) | J45: =IF(COUNTIFS(A_PERS,Partecipanti!$B$8,A_DATA,$B45)+COUNTIFS(A_PERS,Partecipanti!$B$8,A_SETT,$A45,A_TIPO,"Licenza - settimana intera")+COUNTIFS(A_PERS,Partecipanti!$B$8,A_SETT,$A45,A_TIPO,"Attività esterna - settimana intera")>0,0,1) | K45: =IF(COUNTIFS(A_PERS,Partecipanti!$B$9,A_DATA,$B45)+COUNTIFS(A_PERS,Partecipanti!$B$9,A_SETT,$A45,A_TIPO,"Licenza - settimana intera")+COUNTIFS(A_PERS,Partecipanti!$B$9,A_SETT,$A45,A_TIPO,"Attività esterna - settimana intera")>0,0,1) | L45: =IFERROR(INDEX($C36:$C40,MATCH(1,INDEX(($T36:$T40=$C45)*1,0),0)),"") | M45: =IF($L45="",0,IF(INDEX($G45:$K45,MATCH($L45,Partecipanti!$B$5:$B$9,0))=1,1,0)) | N45: =IF($G45=0,100000,IF(Partecipanti!$B$5=$C45,100000,COUNTIF($S$6:$S44,Partecipanti!$B$5)*100+MOD(1-MATCH($C45,Partecipanti!$B$5:$B$9,0)-1,5))) | O45: =IF($H45=0,100000,IF(Partecipanti!$B$6=$C45,100000,COUNTIF($S$6:$S44,Partecipanti!$B$6)*100+MOD(2-MATCH($C45,Partecipanti!$B$5:$B$9,0)-1,5))) | P45: =IF($I45=0,100000,IF(Partecipanti!$B$7=$C45,100000,COUNTIF($S$6:$S44,Partecipanti!$B$7)*100+MOD(3-MATCH($C45,Partecipanti!$B$5:$B$9,0)-1,5))) | Q45: =IF($J45=0,100000,IF(Partecipanti!$B$8=$C45,100000,COUNTIF($S$6:$S44,Partecipanti!$B$8)*100+MOD(4-MATCH($C45,Partecipanti!$B$5:$B$9,0)-1,5))) | R45: =IF($K45=0,100000,IF(Partecipanti!$B$9=$C45,100000,COUNTIF($S$6:$S44,Partecipanti!$B$9)*100+MOD(5-MATCH($C45,Partecipanti!$B$5:$B$9,0)-1,5))) | S45: =IF(OR($E45=0,$M45=1),"",IF(MIN($N45:$R45)>=100000,"DA ASSEGNARE",INDEX(Partecipanti!$B$5:$B$9,MATCH(MIN($N45:$R45),$N45:$R45,0)))) | T45: =IF(AND($F45=1,$S45<>"",$S45<>"DA ASSEGNARE"),$S45,"") | U45: =IF($M45=1,$L45,IF($E45=0,$C45,$S45)) | V45: =IF($M45=1,"Recupero",IF($E45=0,"Ordinario",IF($S45="DA ASSEGNARE","DA ASSEGNARE","Sostituzione (doppio turno)"))) | W45: =IF(OR($M45=1,$E45=1),$C45,"") | X45: =IF($M45=1,$L45&" recupera il turno saltato nella settimana "&($A45-1)&"; "&$C45&" a riposo compensativo",IF($E45=1,$C45&" assente ("&$D45&")"&IF($S45="DA ASSEGNARE","; nessun sostituto disponibile","; sostituisce "&$S45&" con doppio turno")&IF($F45=1,"; turno da recuperare nella settimana "&($A45+1),"; turno non da recuperare"),"")) | Y45: =IF($M45=1,"recupera il turno saltato nella settimana "&($A45-1)&", "&$C45&" a riposo",IF($E45=1,IF($S45="DA ASSEGNARE","turno da assegnare: "&$C45&" assente","in sostituzione di "&$C45&", doppio turno"),""))
A46: 9 | B46: 46349 | C46: =Partecipanti!$B$5 | D46: =IF(COUNTIFS(A_PERS,$C46,A_SETT,$A46,A_TIPO,"Licenza - settimana intera")>0,"Licenza - settimana intera",IF(COUNTIFS(A_PERS,$C46,A_SETT,$A46,A_TIPO,"Attività esterna - settimana intera")>0,"Attività esterna - settimana intera",IF(COUNTIFS(A_PERS,$C46,A_DATA,$B46)>0,INDEX(A_TIPO,MATCH(1,INDEX((A_PERS=$C46)*(A_DATA=$B46),0),0)),""))) | E46: =IF($D46="",0,1) | F46: =IF($E46=0,0,IF(OR($D46="Licenza - settimana intera",$D46="Attività esterna - settimana intera"),0,1)) | G46: =IF(COUNTIFS(A_PERS,Partecipanti!$B$5,A_DATA,$B46)+COUNTIFS(A_PERS,Partecipanti!$B$5,A_SETT,$A46,A_TIPO,"Licenza - settimana intera")+COUNTIFS(A_PERS,Partecipanti!$B$5,A_SETT,$A46,A_TIPO,"Attività esterna - settimana intera")>0,0,1) | H46: =IF(COUNTIFS(A_PERS,Partecipanti!$B$6,A_DATA,$B46)+COUNTIFS(A_PERS,Partecipanti!$B$6,A_SETT,$A46,A_TIPO,"Licenza - settimana intera")+COUNTIFS(A_PERS,Partecipanti!$B$6,A_SETT,$A46,A_TIPO,"Attività esterna - settimana intera")>0,0,1) | I46: =IF(COUNTIFS(A_PERS,Partecipanti!$B$7,A_DATA,$B46)+COUNTIFS(A_PERS,Partecipanti!$B$7,A_SETT,$A46,A_TIPO,"Licenza - settimana intera")+COUNTIFS(A_PERS,Partecipanti!$B$7,A_SETT,$A46,A_TIPO,"Attività esterna - settimana intera")>0,0,1) | J46: =IF(COUNTIFS(A_PERS,Partecipanti!$B$8,A_DATA,$B46)+COUNTIFS(A_PERS,Partecipanti!$B$8,A_SETT,$A46,A_TIPO,"Licenza - settimana intera")+COUNTIFS(A_PERS,Partecipanti!$B$8,A_SETT,$A46,A_TIPO,"Attività esterna - settimana intera")>0,0,1) | K46: =IF(COUNTIFS(A_PERS,Partecipanti!$B$9,A_DATA,$B46)+COUNTIFS(A_PERS,Partecipanti!$B$9,A_SETT,$A46,A_TIPO,"Licenza - settimana intera")+COUNTIFS(A_PERS,Partecipanti!$B$9,A_SETT,$A46,A_TIPO,"Attività esterna - settimana intera")>0,0,1) | L46: =IFERROR(INDEX($C41:$C45,MATCH(1,INDEX(($T41:$T45=$C46)*1,0),0)),"") | M46: =IF($L46="",0,IF(INDEX($G46:$K46,MATCH($L46,Partecipanti!$B$5:$B$9,0))=1,1,0)) | N46: =IF($G46=0,100000,IF(Partecipanti!$B$5=$C46,100000,COUNTIF($S$6:$S45,Partecipanti!$B$5)*100+MOD(1-MATCH($C46,Partecipanti!$B$5:$B$9,0)-1,5))) | O46: =IF($H46=0,100000,IF(Partecipanti!$B$6=$C46,100000,COUNTIF($S$6:$S45,Partecipanti!$B$6)*100+MOD(2-MATCH($C46,Partecipanti!$B$5:$B$9,0)-1,5))) | P46: =IF($I46=0,100000,IF(Partecipanti!$B$7=$C46,100000,COUNTIF($S$6:$S45,Partecipanti!$B$7)*100+MOD(3-MATCH($C46,Partecipanti!$B$5:$B$9,0)-1,5))) | Q46: =IF($J46=0,100000,IF(Partecipanti!$B$8=$C46,100000,COUNTIF($S$6:$S45,Partecipanti!$B$8)*100+MOD(4-MATCH($C46,Partecipanti!$B$5:$B$9,0)-1,5))) | R46: =IF($K46=0,100000,IF(Partecipanti!$B$9=$C46,100000,COUNTIF($S$6:$S45,Partecipanti!$B$9)*100+MOD(5-MATCH($C46,Partecipanti!$B$5:$B$9,0)-1,5))) | S46: =IF(OR($E46=0,$M46=1),"",IF(MIN($N46:$R46)>=100000,"DA ASSEGNARE",INDEX(Partecipanti!$B$5:$B$9,MATCH(MIN($N46:$R46),$N46:$R46,0)))) | T46: =IF(AND($F46=1,$S46<>"",$S46<>"DA ASSEGNARE"),$S46,"") | U46: =IF($M46=1,$L46,IF($E46=0,$C46,$S46)) | V46: =IF($M46=1,"Recupero",IF($E46=0,"Ordinario",IF($S46="DA ASSEGNARE","DA ASSEGNARE","Sostituzione (doppio turno)"))) | W46: =IF(OR($M46=1,$E46=1),$C46,"") | X46: =IF($M46=1,$L46&" recupera il turno saltato nella settimana "&($A46-1)&"; "&$C46&" a riposo compensativo",IF($E46=1,$C46&" assente ("&$D46&")"&IF($S46="DA ASSEGNARE","; nessun sostituto disponibile","; sostituisce "&$S46&" con doppio turno")&IF($F46=1,"; turno da recuperare nella settimana "&($A46+1),"; turno non da recuperare"),"")) | Y46: =IF($M46=1,"recupera il turno saltato nella settimana "&($A46-1)&", "&$C46&" a riposo",IF($E46=1,IF($S46="DA ASSEGNARE","turno da assegnare: "&$C46&" assente","in sostituzione di "&$C46&", doppio turno"),""))
A47: 9 | B47: 46350 | C47: =Partecipanti!$B$6 | D47: =IF(COUNTIFS(A_PERS,$C47,A_SETT,$A47,A_TIPO,"Licenza - settimana intera")>0,"Licenza - settimana intera",IF(COUNTIFS(A_PERS,$C47,A_SETT,$A47,A_TIPO,"Attività esterna - settimana intera")>0,"Attività esterna - settimana intera",IF(COUNTIFS(A_PERS,$C47,A_DATA,$B47)>0,INDEX(A_TIPO,MATCH(1,INDEX((A_PERS=$C47)*(A_DATA=$B47),0),0)),""))) | E47: =IF($D47="",0,1) | F47: =IF($E47=0,0,IF(OR($D47="Licenza - settimana intera",$D47="Attività esterna - settimana intera"),0,1)) | G47: =IF(COUNTIFS(A_PERS,Partecipanti!$B$5,A_DATA,$B47)+COUNTIFS(A_PERS,Partecipanti!$B$5,A_SETT,$A47,A_TIPO,"Licenza - settimana intera")+COUNTIFS(A_PERS,Partecipanti!$B$5,A_SETT,$A47,A_TIPO,"Attività esterna - settimana intera")>0,0,1) | H47: =IF(COUNTIFS(A_PERS,Partecipanti!$B$6,A_DATA,$B47)+COUNTIFS(A_PERS,Partecipanti!$B$6,A_SETT,$A47,A_TIPO,"Licenza - settimana intera")+COUNTIFS(A_PERS,Partecipanti!$B$6,A_SETT,$A47,A_TIPO,"Attività esterna - settimana intera")>0,0,1) | I47: =IF(COUNTIFS(A_PERS,Partecipanti!$B$7,A_DATA,$B47)+COUNTIFS(A_PERS,Partecipanti!$B$7,A_SETT,$A47,A_TIPO,"Licenza - settimana intera")+COUNTIFS(A_PERS,Partecipanti!$B$7,A_SETT,$A47,A_TIPO,"Attività esterna - settimana intera")>0,0,1) | J47: =IF(COUNTIFS(A_PERS,Partecipanti!$B$8,A_DATA,$B47)+COUNTIFS(A_PERS,Partecipanti!$B$8,A_SETT,$A47,A_TIPO,"Licenza - settimana intera")+COUNTIFS(A_PERS,Partecipanti!$B$8,A_SETT,$A47,A_TIPO,"Attività esterna - settimana intera")>0,0,1) | K47: =IF(COUNTIFS(A_PERS,Partecipanti!$B$9,A_DATA,$B47)+COUNTIFS(A_PERS,Partecipanti!$B$9,A_SETT,$A47,A_TIPO,"Licenza - settimana intera")+COUNTIFS(A_PERS,Partecipanti!$B$9,A_SETT,$A47,A_TIPO,"Attività esterna - settimana intera")>0,0,1) | L47: =IFERROR(INDEX($C41:$C45,MATCH(1,INDEX(($T41:$T45=$C47)*1,0),0)),"") | M47: =IF($L47="",0,IF(INDEX($G47:$K47,MATCH($L47,Partecipanti!$B$5:$B$9,0))=1,1,0)) | N47: =IF($G47=0,100000,IF(Partecipanti!$B$5=$C47,100000,COUNTIF($S$6:$S46,Partecipanti!$B$5)*100+MOD(1-MATCH($C47,Partecipanti!$B$5:$B$9,0)-1,5))) | O47: =IF($H47=0,100000,IF(Partecipanti!$B$6=$C47,100000,COUNTIF($S$6:$S46,Partecipanti!$B$6)*100+MOD(2-MATCH($C47,Partecipanti!$B$5:$B$9,0)-1,5))) | P47: =IF($I47=0,100000,IF(Partecipanti!$B$7=$C47,100000,COUNTIF($S$6:$S46,Partecipanti!$B$7)*100+MOD(3-MATCH($C47,Partecipanti!$B$5:$B$9,0)-1,5))) | Q47: =IF($J47=0,100000,IF(Partecipanti!$B$8=$C47,100000,COUNTIF($S$6:$S46,Partecipanti!$B$8)*100+MOD(4-MATCH($C47,Partecipanti!$B$5:$B$9,0)-1,5))) | R47: =IF($K47=0,100000,IF(Partecipanti!$B$9=$C47,100000,COUNTIF($S$6:$S46,Partecipanti!$B$9)*100+MOD(5-MATCH($C47,Partecipanti!$B$5:$B$9,0)-1,5))) | S47: =IF(OR($E47=0,$M47=1),"",IF(MIN($N47:$R47)>=100000,"DA ASSEGNARE",INDEX(Partecipanti!$B$5:$B$9,MATCH(MIN($N47:$R47),$N47:$R47,0)))) | T47: =IF(AND($F47=1,$S47<>"",$S47<>"DA ASSEGNARE"),$S47,"") | U47: =IF($M47=1,$L47,IF($E47=0,$C47,$S47)) | V47: =IF($M47=1,"Recupero",IF($E47=0,"Ordinario",IF($S47="DA ASSEGNARE","DA ASSEGNARE","Sostituzione (doppio turno)"))) | W47: =IF(OR($M47=1,$E47=1),$C47,"") | X47: =IF($M47=1,$L47&" recupera il turno saltato nella settimana "&($A47-1)&"; "&$C47&" a riposo compensativo",IF($E47=1,$C47&" assente ("&$D47&")"&IF($S47="DA ASSEGNARE","; nessun sostituto disponibile","; sostituisce "&$S47&" con doppio turno")&IF($F47=1,"; turno da recuperare nella settimana "&($A47+1),"; turno non da recuperare"),"")) | Y47: =IF($M47=1,"recupera il turno saltato nella settimana "&($A47-1)&", "&$C47&" a riposo",IF($E47=1,IF($S47="DA ASSEGNARE","turno da assegnare: "&$C47&" assente","in sostituzione di "&$C47&", doppio turno"),""))
A48: 9 | B48: 46351 | C48: =Partecipanti!$B$7 | D48: =IF(COUNTIFS(A_PERS,$C48,A_SETT,$A48,A_TIPO,"Licenza - settimana intera")>0,"Licenza - settimana intera",IF(COUNTIFS(A_PERS,$C48,A_SETT,$A48,A_TIPO,"Attività esterna - settimana intera")>0,"Attività esterna - settimana intera",IF(COUNTIFS(A_PERS,$C48,A_DATA,$B48)>0,INDEX(A_TIPO,MATCH(1,INDEX((A_PERS=$C48)*(A_DATA=$B48),0),0)),""))) | E48: =IF($D48="",0,1) | F48: =IF($E48=0,0,IF(OR($D48="Licenza - settimana intera",$D48="Attività esterna - settimana intera"),0,1)) | G48: =IF(COUNTIFS(A_PERS,Partecipanti!$B$5,A_DATA,$B48)+COUNTIFS(A_PERS,Partecipanti!$B$5,A_SETT,$A48,A_TIPO,"Licenza - settimana intera")+COUNTIFS(A_PERS,Partecipanti!$B$5,A_SETT,$A48,A_TIPO,"Attività esterna - settimana intera")>0,0,1) | H48: =IF(COUNTIFS(A_PERS,Partecipanti!$B$6,A_DATA,$B48)+COUNTIFS(A_PERS,Partecipanti!$B$6,A_SETT,$A48,A_TIPO,"Licenza - settimana intera")+COUNTIFS(A_PERS,Partecipanti!$B$6,A_SETT,$A48,A_TIPO,"Attività esterna - settimana intera")>0,0,1) | I48: =IF(COUNTIFS(A_PERS,Partecipanti!$B$7,A_DATA,$B48)+COUNTIFS(A_PERS,Partecipanti!$B$7,A_SETT,$A48,A_TIPO,"Licenza - settimana intera")+COUNTIFS(A_PERS,Partecipanti!$B$7,A_SETT,$A48,A_TIPO,"Attività esterna - settimana intera")>0,0,1) | J48: =IF(COUNTIFS(A_PERS,Partecipanti!$B$8,A_DATA,$B48)+COUNTIFS(A_PERS,Partecipanti!$B$8,A_SETT,$A48,A_TIPO,"Licenza - settimana intera")+COUNTIFS(A_PERS,Partecipanti!$B$8,A_SETT,$A48,A_TIPO,"Attività esterna - settimana intera")>0,0,1) | K48: =IF(COUNTIFS(A_PERS,Partecipanti!$B$9,A_DATA,$B48)+COUNTIFS(A_PERS,Partecipanti!$B$9,A_SETT,$A48,A_TIPO,"Licenza - settimana intera")+COUNTIFS(A_PERS,Partecipanti!$B$9,A_SETT,$A48,A_TIPO,"Attività esterna - settimana intera")>0,0,1) | L48: =IFERROR(INDEX($C41:$C45,MATCH(1,INDEX(($T41:$T45=$C48)*1,0),0)),"") | M48: =IF($L48="",0,IF(INDEX($G48:$K48,MATCH($L48,Partecipanti!$B$5:$B$9,0))=1,1,0)) | N48: =IF($G48=0,100000,IF(Partecipanti!$B$5=$C48,100000,COUNTIF($S$6:$S47,Partecipanti!$B$5)*100+MOD(1-MATCH($C48,Partecipanti!$B$5:$B$9,0)-1,5))) | O48: =IF($H48=0,100000,IF(Partecipanti!$B$6=$C48,100000,COUNTIF($S$6:$S47,Partecipanti!$B$6)*100+MOD(2-MATCH($C48,Partecipanti!$B$5:$B$9,0)-1,5))) | P48: =IF($I48=0,100000,IF(Partecipanti!$B$7=$C48,100000,COUNTIF($S$6:$S47,Partecipanti!$B$7)*100+MOD(3-MATCH($C48,Partecipanti!$B$5:$B$9,0)-1,5))) | Q48: =IF($J48=0,100000,IF(Partecipanti!$B$8=$C48,100000,COUNTIF($S$6:$S47,Partecipanti!$B$8)*100+MOD(4-MATCH($C48,Partecipanti!$B$5:$B$9,0)-1,5))) | R48: =IF($K48=0,100000,IF(Partecipanti!$B$9=$C48,100000,COUNTIF($S$6:$S47,Partecipanti!$B$9)*100+MOD(5-MATCH($C48,Partecipanti!$B$5:$B$9,0)-1,5))) | S48: =IF(OR($E48=0,$M48=1),"",IF(MIN($N48:$R48)>=100000,"DA ASSEGNARE",INDEX(Partecipanti!$B$5:$B$9,MATCH(MIN($N48:$R48),$N48:$R48,0)))) | T48: =IF(AND($F48=1,$S48<>"",$S48<>"DA ASSEGNARE"),$S48,"") | U48: =IF($M48=1,$L48,IF($E48=0,$C48,$S48)) | V48: =IF($M48=1,"Recupero",IF($E48=0,"Ordinario",IF($S48="DA ASSEGNARE","DA ASSEGNARE","Sostituzione (doppio turno)"))) | W48: =IF(OR($M48=1,$E48=1),$C48,"") | X48: =IF($M48=1,$L48&" recupera il turno saltato nella settimana "&($A48-1)&"; "&$C48&" a riposo compensativo",IF($E48=1,$C48&" assente ("&$D48&")"&IF($S48="DA ASSEGNARE","; nessun sostituto disponibile","; sostituisce "&$S48&" con doppio turno")&IF($F48=1,"; turno da recuperare nella settimana "&($A48+1),"; turno non da recuperare"),"")) | Y48: =IF($M48=1,"recupera il turno saltato nella settimana "&($A48-1)&", "&$C48&" a riposo",IF($E48=1,IF($S48="DA ASSEGNARE","turno da assegnare: "&$C48&" assente","in sostituzione di "&$C48&", doppio turno"),""))
A49: 9 | B49: 46352 | C49: =Partecipanti!$B$8 | D49: =IF(COUNTIFS(A_PERS,$C49,A_SETT,$A49,A_TIPO,"Licenza - settimana intera")>0,"Licenza - settimana intera",IF(COUNTIFS(A_PERS,$C49,A_SETT,$A49,A_TIPO,"Attività esterna - settimana intera")>0,"Attività esterna - settimana intera",IF(COUNTIFS(A_PERS,$C49,A_DATA,$B49)>0,INDEX(A_TIPO,MATCH(1,INDEX((A_PERS=$C49)*(A_DATA=$B49),0),0)),""))) | E49: =IF($D49="",0,1) | F49: =IF($E49=0,0,IF(OR($D49="Licenza - settimana intera",$D49="Attività esterna - settimana intera"),0,1)) | G49: =IF(COUNTIFS(A_PERS,Partecipanti!$B$5,A_DATA,$B49)+COUNTIFS(A_PERS,Partecipanti!$B$5,A_SETT,$A49,A_TIPO,"Licenza - settimana intera")+COUNTIFS(A_PERS,Partecipanti!$B$5,A_SETT,$A49,A_TIPO,"Attività esterna - settimana intera")>0,0,1) | H49: =IF(COUNTIFS(A_PERS,Partecipanti!$B$6,A_DATA,$B49)+COUNTIFS(A_PERS,Partecipanti!$B$6,A_SETT,$A49,A_TIPO,"Licenza - settimana intera")+COUNTIFS(A_PERS,Partecipanti!$B$6,A_SETT,$A49,A_TIPO,"Attività esterna - settimana intera")>0,0,1) | I49: =IF(COUNTIFS(A_PERS,Partecipanti!$B$7,A_DATA,$B49)+COUNTIFS(A_PERS,Partecipanti!$B$7,A_SETT,$A49,A_TIPO,"Licenza - settimana intera")+COUNTIFS(A_PERS,Partecipanti!$B$7,A_SETT,$A49,A_TIPO,"Attività esterna - settimana intera")>0,0,1) | J49: =IF(COUNTIFS(A_PERS,Partecipanti!$B$8,A_DATA,$B49)+COUNTIFS(A_PERS,Partecipanti!$B$8,A_SETT,$A49,A_TIPO,"Licenza - settimana intera")+COUNTIFS(A_PERS,Partecipanti!$B$8,A_SETT,$A49,A_TIPO,"Attività esterna - settimana intera")>0,0,1) | K49: =IF(COUNTIFS(A_PERS,Partecipanti!$B$9,A_DATA,$B49)+COUNTIFS(A_PERS,Partecipanti!$B$9,A_SETT,$A49,A_TIPO,"Licenza - settimana intera")+COUNTIFS(A_PERS,Partecipanti!$B$9,A_SETT,$A49,A_TIPO,"Attività esterna - settimana intera")>0,0,1) | L49: =IFERROR(INDEX($C41:$C45,MATCH(1,INDEX(($T41:$T45=$C49)*1,0),0)),"") | M49: =IF($L49="",0,IF(INDEX($G49:$K49,MATCH($L49,Partecipanti!$B$5:$B$9,0))=1,1,0)) | N49: =IF($G49=0,100000,IF(Partecipanti!$B$5=$C49,100000,COUNTIF($S$6:$S48,Partecipanti!$B$5)*100+MOD(1-MATCH($C49,Partecipanti!$B$5:$B$9,0)-1,5))) | O49: =IF($H49=0,100000,IF(Partecipanti!$B$6=$C49,100000,COUNTIF($S$6:$S48,Partecipanti!$B$6)*100+MOD(2-MATCH($C49,Partecipanti!$B$5:$B$9,0)-1,5))) | P49: =IF($I49=0,100000,IF(Partecipanti!$B$7=$C49,100000,COUNTIF($S$6:$S48,Partecipanti!$B$7)*100+MOD(3-MATCH($C49,Partecipanti!$B$5:$B$9,0)-1,5))) | Q49: =IF($J49=0,100000,IF(Partecipanti!$B$8=$C49,100000,COUNTIF($S$6:$S48,Partecipanti!$B$8)*100+MOD(4-MATCH($C49,Partecipanti!$B$5:$B$9,0)-1,5))) | R49: =IF($K49=0,100000,IF(Partecipanti!$B$9=$C49,100000,COUNTIF($S$6:$S48,Partecipanti!$B$9)*100+MOD(5-MATCH($C49,Partecipanti!$B$5:$B$9,0)-1,5))) | S49: =IF(OR($E49=0,$M49=1),"",IF(MIN($N49:$R49)>=100000,"DA ASSEGNARE",INDEX(Partecipanti!$B$5:$B$9,MATCH(MIN($N49:$R49),$N49:$R49,0)))) | T49: =IF(AND($F49=1,$S49<>"",$S49<>"DA ASSEGNARE"),$S49,"") | U49: =IF($M49=1,$L49,IF($E49=0,$C49,$S49)) | V49: =IF($M49=1,"Recupero",IF($E49=0,"Ordinario",IF($S49="DA ASSEGNARE","DA ASSEGNARE","Sostituzione (doppio turno)"))) | W49: =IF(OR($M49=1,$E49=1),$C49,"") | X49: =IF($M49=1,$L49&" recupera il turno saltato nella settimana "&($A49-1)&"; "&$C49&" a riposo compensativo",IF($E49=1,$C49&" assente ("&$D49&")"&IF($S49="DA ASSEGNARE","; nessun sostituto disponibile","; sostituisce "&$S49&" con doppio turno")&IF($F49=1,"; turno da recuperare nella settimana "&($A49+1),"; turno non da recuperare"),"")) | Y49: =IF($M49=1,"recupera il turno saltato nella settimana "&($A49-1)&", "&$C49&" a riposo",IF($E49=1,IF($S49="DA ASSEGNARE","turno da assegnare: "&$C49&" assente","in sostituzione di "&$C49&", doppio turno"),""))
A50: 9 | B50: 46353 | C50: =Partecipanti!$B$9 | D50: =IF(COUNTIFS(A_PERS,$C50,A_SETT,$A50,A_TIPO,"Licenza - settimana intera")>0,"Licenza - settimana intera",IF(COUNTIFS(A_PERS,$C50,A_SETT,$A50,A_TIPO,"Attività esterna - settimana intera")>0,"Attività esterna - settimana intera",IF(COUNTIFS(A_PERS,$C50,A_DATA,$B50)>0,INDEX(A_TIPO,MATCH(1,INDEX((A_PERS=$C50)*(A_DATA=$B50),0),0)),""))) | E50: =IF($D50="",0,1) | F50: =IF($E50=0,0,IF(OR($D50="Licenza - settimana intera",$D50="Attività esterna - settimana intera"),0,1)) | G50: =IF(COUNTIFS(A_PERS,Partecipanti!$B$5,A_DATA,$B50)+COUNTIFS(A_PERS,Partecipanti!$B$5,A_SETT,$A50,A_TIPO,"Licenza - settimana intera")+COUNTIFS(A_PERS,Partecipanti!$B$5,A_SETT,$A50,A_TIPO,"Attività esterna - settimana intera")>0,0,1) | H50: =IF(COUNTIFS(A_PERS,Partecipanti!$B$6,A_DATA,$B50)+COUNTIFS(A_PERS,Partecipanti!$B$6,A_SETT,$A50,A_TIPO,"Licenza - settimana intera")+COUNTIFS(A_PERS,Partecipanti!$B$6,A_SETT,$A50,A_TIPO,"Attività esterna - settimana intera")>0,0,1) | I50: =IF(COUNTIFS(A_PERS,Partecipanti!$B$7,A_DATA,$B50)+COUNTIFS(A_PERS,Partecipanti!$B$7,A_SETT,$A50,A_TIPO,"Licenza - settimana intera")+COUNTIFS(A_PERS,Partecipanti!$B$7,A_SETT,$A50,A_TIPO,"Attività esterna - settimana intera")>0,0,1) | J50: =IF(COUNTIFS(A_PERS,Partecipanti!$B$8,A_DATA,$B50)+COUNTIFS(A_PERS,Partecipanti!$B$8,A_SETT,$A50,A_TIPO,"Licenza - settimana intera")+COUNTIFS(A_PERS,Partecipanti!$B$8,A_SETT,$A50,A_TIPO,"Attività esterna - settimana intera")>0,0,1) | K50: =IF(COUNTIFS(A_PERS,Partecipanti!$B$9,A_DATA,$B50)+COUNTIFS(A_PERS,Partecipanti!$B$9,A_SETT,$A50,A_TIPO,"Licenza - settimana intera")+COUNTIFS(A_PERS,Partecipanti!$B$9,A_SETT,$A50,A_TIPO,"Attività esterna - settimana intera")>0,0,1) | L50: =IFERROR(INDEX($C41:$C45,MATCH(1,INDEX(($T41:$T45=$C50)*1,0),0)),"") | M50: =IF($L50="",0,IF(INDEX($G50:$K50,MATCH($L50,Partecipanti!$B$5:$B$9,0))=1,1,0)) | N50: =IF($G50=0,100000,IF(Partecipanti!$B$5=$C50,100000,COUNTIF($S$6:$S49,Partecipanti!$B$5)*100+MOD(1-MATCH($C50,Partecipanti!$B$5:$B$9,0)-1,5))) | O50: =IF($H50=0,100000,IF(Partecipanti!$B$6=$C50,100000,COUNTIF($S$6:$S49,Partecipanti!$B$6)*100+MOD(2-MATCH($C50,Partecipanti!$B$5:$B$9,0)-1,5))) | P50: =IF($I50=0,100000,IF(Partecipanti!$B$7=$C50,100000,COUNTIF($S$6:$S49,Partecipanti!$B$7)*100+MOD(3-MATCH($C50,Partecipanti!$B$5:$B$9,0)-1,5))) | Q50: =IF($J50=0,100000,IF(Partecipanti!$B$8=$C50,100000,COUNTIF($S$6:$S49,Partecipanti!$B$8)*100+MOD(4-MATCH($C50,Partecipanti!$B$5:$B$9,0)-1,5))) | R50: =IF($K50=0,100000,IF(Partecipanti!$B$9=$C50,100000,COUNTIF($S$6:$S49,Partecipanti!$B$9)*100+MOD(5-MATCH($C50,Partecipanti!$B$5:$B$9,0)-1,5))) | S50: =IF(OR($E50=0,$M50=1),"",IF(MIN($N50:$R50)>=100000,"DA ASSEGNARE",INDEX(Partecipanti!$B$5:$B$9,MATCH(MIN($N50:$R50),$N50:$R50,0)))) | T50: =IF(AND($F50=1,$S50<>"",$S50<>"DA ASSEGNARE"),$S50,"") | U50: =IF($M50=1,$L50,IF($E50=0,$C50,$S50)) | V50: =IF($M50=1,"Recupero",IF($E50=0,"Ordinario",IF($S50="DA ASSEGNARE","DA ASSEGNARE","Sostituzione (doppio turno)"))) | W50: =IF(OR($M50=1,$E50=1),$C50,"") | X50: =IF($M50=1,$L50&" recupera il turno saltato nella settimana "&($A50-1)&"; "&$C50&" a riposo compensativo",IF($E50=1,$C50&" assente ("&$D50&")"&IF($S50="DA ASSEGNARE","; nessun sostituto disponibile","; sostituisce "&$S50&" con doppio turno")&IF($F50=1,"; turno da recuperare nella settimana "&($A50+1),"; turno non da recuperare"),"")) | Y50: =IF($M50=1,"recupera il turno saltato nella settimana "&($A50-1)&", "&$C50&" a riposo",IF($E50=1,IF($S50="DA ASSEGNARE","turno da assegnare: "&$C50&" assente","in sostituzione di "&$C50&", doppio turno"),""))
A51: 10 | B51: 46356 | C51: =Partecipanti!$B$5 | D51: =IF(COUNTIFS(A_PERS,$C51,A_SETT,$A51,A_TIPO,"Licenza - settimana intera")>0,"Licenza - settimana intera",IF(COUNTIFS(A_PERS,$C51,A_SETT,$A51,A_TIPO,"Attività esterna - settimana intera")>0,"Attività esterna - settimana intera",IF(COUNTIFS(A_PERS,$C51,A_DATA,$B51)>0,INDEX(A_TIPO,MATCH(1,INDEX((A_PERS=$C51)*(A_DATA=$B51),0),0)),""))) | E51: =IF($D51="",0,1) | F51: =IF($E51=0,0,IF(OR($D51="Licenza - settimana intera",$D51="Attività esterna - settimana intera"),0,1)) | G51: =IF(COUNTIFS(A_PERS,Partecipanti!$B$5,A_DATA,$B51)+COUNTIFS(A_PERS,Partecipanti!$B$5,A_SETT,$A51,A_TIPO,"Licenza - settimana intera")+COUNTIFS(A_PERS,Partecipanti!$B$5,A_SETT,$A51,A_TIPO,"Attività esterna - settimana intera")>0,0,1) | H51: =IF(COUNTIFS(A_PERS,Partecipanti!$B$6,A_DATA,$B51)+COUNTIFS(A_PERS,Partecipanti!$B$6,A_SETT,$A51,A_TIPO,"Licenza - settimana intera")+COUNTIFS(A_PERS,Partecipanti!$B$6,A_SETT,$A51,A_TIPO,"Attività esterna - settimana intera")>0,0,1) | I51: =IF(COUNTIFS(A_PERS,Partecipanti!$B$7,A_DATA,$B51)+COUNTIFS(A_PERS,Partecipanti!$B$7,A_SETT,$A51,A_TIPO,"Licenza - settimana intera")+COUNTIFS(A_PERS,Partecipanti!$B$7,A_SETT,$A51,A_TIPO,"Attività esterna - settimana intera")>0,0,1) | J51: =IF(COUNTIFS(A_PERS,Partecipanti!$B$8,A_DATA,$B51)+COUNTIFS(A_PERS,Partecipanti!$B$8,A_SETT,$A51,A_TIPO,"Licenza - settimana intera")+COUNTIFS(A_PERS,Partecipanti!$B$8,A_SETT,$A51,A_TIPO,"Attività esterna - settimana intera")>0,0,1) | K51: =IF(COUNTIFS(A_PERS,Partecipanti!$B$9,A_DATA,$B51)+COUNTIFS(A_PERS,Partecipanti!$B$9,A_SETT,$A51,A_TIPO,"Licenza - settimana intera")+COUNTIFS(A_PERS,Partecipanti!$B$9,A_SETT,$A51,A_TIPO,"Attività esterna - settimana intera")>0,0,1) | L51: =IFERROR(INDEX($C46:$C50,MATCH(1,INDEX(($T46:$T50=$C51)*1,0),0)),"") | M51: =IF($L51="",0,IF(INDEX($G51:$K51,MATCH($L51,Partecipanti!$B$5:$B$9,0))=1,1,0)) | N51: =IF($G51=0,100000,IF(Partecipanti!$B$5=$C51,100000,COUNTIF($S$6:$S50,Partecipanti!$B$5)*100+MOD(1-MATCH($C51,Partecipanti!$B$5:$B$9,0)-1,5))) | O51: =IF($H51=0,100000,IF(Partecipanti!$B$6=$C51,100000,COUNTIF($S$6:$S50,Partecipanti!$B$6)*100+MOD(2-MATCH($C51,Partecipanti!$B$5:$B$9,0)-1,5))) | P51: =IF($I51=0,100000,IF(Partecipanti!$B$7=$C51,100000,COUNTIF($S$6:$S50,Partecipanti!$B$7)*100+MOD(3-MATCH($C51,Partecipanti!$B$5:$B$9,0)-1,5))) | Q51: =IF($J51=0,100000,IF(Partecipanti!$B$8=$C51,100000,COUNTIF($S$6:$S50,Partecipanti!$B$8)*100+MOD(4-MATCH($C51,Partecipanti!$B$5:$B$9,0)-1,5))) | R51: =IF($K51=0,100000,IF(Partecipanti!$B$9=$C51,100000,COUNTIF($S$6:$S50,Partecipanti!$B$9)*100+MOD(5-MATCH($C51,Partecipanti!$B$5:$B$9,0)-1,5))) | S51: =IF(OR($E51=0,$M51=1),"",IF(MIN($N51:$R51)>=100000,"DA ASSEGNARE",INDEX(Partecipanti!$B$5:$B$9,MATCH(MIN($N51:$R51),$N51:$R51,0)))) | T51: =IF(AND($F51=1,$S51<>"",$S51<>"DA ASSEGNARE"),$S51,"") | U51: =IF($M51=1,$L51,IF($E51=0,$C51,$S51)) | V51: =IF($M51=1,"Recupero",IF($E51=0,"Ordinario",IF($S51="DA ASSEGNARE","DA ASSEGNARE","Sostituzione (doppio turno)"))) | W51: =IF(OR($M51=1,$E51=1),$C51,"") | X51: =IF($M51=1,$L51&" recupera il turno saltato nella settimana "&($A51-1)&"; "&$C51&" a riposo compensativo",IF($E51=1,$C51&" assente ("&$D51&")"&IF($S51="DA ASSEGNARE","; nessun sostituto disponibile","; sostituisce "&$S51&" con doppio turno")&IF($F51=1,"; turno da recuperare nella settimana "&($A51+1),"; turno non da recuperare"),"")) | Y51: =IF($M51=1,"recupera il turno saltato nella settimana "&($A51-1)&", "&$C51&" a riposo",IF($E51=1,IF($S51="DA ASSEGNARE","turno da assegnare: "&$C51&" assente","in sostituzione di "&$C51&", doppio turno"),""))
A52: 10 | B52: 46357 | C52: =Partecipanti!$B$6 | D52: =IF(COUNTIFS(A_PERS,$C52,A_SETT,$A52,A_TIPO,"Licenza - settimana intera")>0,"Licenza - settimana intera",IF(COUNTIFS(A_PERS,$C52,A_SETT,$A52,A_TIPO,"Attività esterna - settimana intera")>0,"Attività esterna - settimana intera",IF(COUNTIFS(A_PERS,$C52,A_DATA,$B52)>0,INDEX(A_TIPO,MATCH(1,INDEX((A_PERS=$C52)*(A_DATA=$B52),0),0)),""))) | E52: =IF($D52="",0,1) | F52: =IF($E52=0,0,IF(OR($D52="Licenza - settimana intera",$D52="Attività esterna - settimana intera"),0,1)) | G52: =IF(COUNTIFS(A_PERS,Partecipanti!$B$5,A_DATA,$B52)+COUNTIFS(A_PERS,Partecipanti!$B$5,A_SETT,$A52,A_TIPO,"Licenza - settimana intera")+COUNTIFS(A_PERS,Partecipanti!$B$5,A_SETT,$A52,A_TIPO,"Attività esterna - settimana intera")>0,0,1) | H52: =IF(COUNTIFS(A_PERS,Partecipanti!$B$6,A_DATA,$B52)+COUNTIFS(A_PERS,Partecipanti!$B$6,A_SETT,$A52,A_TIPO,"Licenza - settimana intera")+COUNTIFS(A_PERS,Partecipanti!$B$6,A_SETT,$A52,A_TIPO,"Attività esterna - settimana intera")>0,0,1) | I52: =IF(COUNTIFS(A_PERS,Partecipanti!$B$7,A_DATA,$B52)+COUNTIFS(A_PERS,Partecipanti!$B$7,A_SETT,$A52,A_TIPO,"Licenza - settimana intera")+COUNTIFS(A_PERS,Partecipanti!$B$7,A_SETT,$A52,A_TIPO,"Attività esterna - settimana intera")>0,0,1) | J52: =IF(COUNTIFS(A_PERS,Partecipanti!$B$8,A_DATA,$B52)+COUNTIFS(A_PERS,Partecipanti!$B$8,A_SETT,$A52,A_TIPO,"Licenza - settimana intera")+COUNTIFS(A_PERS,Partecipanti!$B$8,A_SETT,$A52,A_TIPO,"Attività esterna - settimana intera")>0,0,1) | K52: =IF(COUNTIFS(A_PERS,Partecipanti!$B$9,A_DATA,$B52)+COUNTIFS(A_PERS,Partecipanti!$B$9,A_SETT,$A52,A_TIPO,"Licenza - settimana intera")+COUNTIFS(A_PERS,Partecipanti!$B$9,A_SETT,$A52,A_TIPO,"Attività esterna - settimana intera")>0,0,1) | L52: =IFERROR(INDEX($C46:$C50,MATCH(1,INDEX(($T46:$T50=$C52)*1,0),0)),"") | M52: =IF($L52="",0,IF(INDEX($G52:$K52,MATCH($L52,Partecipanti!$B$5:$B$9,0))=1,1,0)) | N52: =IF($G52=0,100000,IF(Partecipanti!$B$5=$C52,100000,COUNTIF($S$6:$S51,Partecipanti!$B$5)*100+MOD(1-MATCH($C52,Partecipanti!$B$5:$B$9,0)-1,5))) | O52: =IF($H52=0,100000,IF(Partecipanti!$B$6=$C52,100000,COUNTIF($S$6:$S51,Partecipanti!$B$6)*100+MOD(2-MATCH($C52,Partecipanti!$B$5:$B$9,0)-1,5))) | P52: =IF($I52=0,100000,IF(Partecipanti!$B$7=$C52,100000,COUNTIF($S$6:$S51,Partecipanti!$B$7)*100+MOD(3-MATCH($C52,Partecipanti!$B$5:$B$9,0)-1,5))) | Q52: =IF($J52=0,100000,IF(Partecipanti!$B$8=$C52,100000,COUNTIF($S$6:$S51,Partecipanti!$B$8)*100+MOD(4-MATCH($C52,Partecipanti!$B$5:$B$9,0)-1,5))) | R52: =IF($K52=0,100000,IF(Partecipanti!$B$9=$C52,100000,COUNTIF($S$6:$S51,Partecipanti!$B$9)*100+MOD(5-MATCH($C52,Partecipanti!$B$5:$B$9,0)-1,5))) | S52: =IF(OR($E52=0,$M52=1),"",IF(MIN($N52:$R52)>=100000,"DA ASSEGNARE",INDEX(Partecipanti!$B$5:$B$9,MATCH(MIN($N52:$R52),$N52:$R52,0)))) | T52: =IF(AND($F52=1,$S52<>"",$S52<>"DA ASSEGNARE"),$S52,"") | U52: =IF($M52=1,$L52,IF($E52=0,$C52,$S52)) | V52: =IF($M52=1,"Recupero",IF($E52=0,"Ordinario",IF($S52="DA ASSEGNARE","DA ASSEGNARE","Sostituzione (doppio turno)"))) | W52: =IF(OR($M52=1,$E52=1),$C52,"") | X52: =IF($M52=1,$L52&" recupera il turno saltato nella settimana "&($A52-1)&"; "&$C52&" a riposo compensativo",IF($E52=1,$C52&" assente ("&$D52&")"&IF($S52="DA ASSEGNARE","; nessun sostituto disponibile","; sostituisce "&$S52&" con doppio turno")&IF($F52=1,"; turno da recuperare nella settimana "&($A52+1),"; turno non da recuperare"),"")) | Y52: =IF($M52=1,"recupera il turno saltato nella settimana "&($A52-1)&", "&$C52&" a riposo",IF($E52=1,IF($S52="DA ASSEGNARE","turno da assegnare: "&$C52&" assente","in sostituzione di "&$C52&", doppio turno"),""))
A53: 10 | B53: 46358 | C53: =Partecipanti!$B$7 | D53: =IF(COUNTIFS(A_PERS,$C53,A_SETT,$A53,A_TIPO,"Licenza - settimana intera")>0,"Licenza - settimana intera",IF(COUNTIFS(A_PERS,$C53,A_SETT,$A53,A_TIPO,"Attività esterna - settimana intera")>0,"Attività esterna - settimana intera",IF(COUNTIFS(A_PERS,$C53,A_DATA,$B53)>0,INDEX(A_TIPO,MATCH(1,INDEX((A_PERS=$C53)*(A_DATA=$B53),0),0)),""))) | E53: =IF($D53="",0,1) | F53: =IF($E53=0,0,IF(OR($D53="Licenza - settimana intera",$D53="Attività esterna - settimana intera"),0,1)) | G53: =IF(COUNTIFS(A_PERS,Partecipanti!$B$5,A_DATA,$B53)+COUNTIFS(A_PERS,Partecipanti!$B$5,A_SETT,$A53,A_TIPO,"Licenza - settimana intera")+COUNTIFS(A_PERS,Partecipanti!$B$5,A_SETT,$A53,A_TIPO,"Attività esterna - settimana intera")>0,0,1) | H53: =IF(COUNTIFS(A_PERS,Partecipanti!$B$6,A_DATA,$B53)+COUNTIFS(A_PERS,Partecipanti!$B$6,A_SETT,$A53,A_TIPO,"Licenza - settimana intera")+COUNTIFS(A_PERS,Partecipanti!$B$6,A_SETT,$A53,A_TIPO,"Attività esterna - settimana intera")>0,0,1) | I53: =IF(COUNTIFS(A_PERS,Partecipanti!$B$7,A_DATA,$B53)+COUNTIFS(A_PERS,Partecipanti!$B$7,A_SETT,$A53,A_TIPO,"Licenza - settimana intera")+COUNTIFS(A_PERS,Partecipanti!$B$7,A_SETT,$A53,A_TIPO,"Attività esterna - settimana intera")>0,0,1) | J53: =IF(COUNTIFS(A_PERS,Partecipanti!$B$8,A_DATA,$B53)+COUNTIFS(A_PERS,Partecipanti!$B$8,A_SETT,$A53,A_TIPO,"Licenza - settimana intera")+COUNTIFS(A_PERS,Partecipanti!$B$8,A_SETT,$A53,A_TIPO,"Attività esterna - settimana intera")>0,0,1) | K53: =IF(COUNTIFS(A_PERS,Partecipanti!$B$9,A_DATA,$B53)+COUNTIFS(A_PERS,Partecipanti!$B$9,A_SETT,$A53,A_TIPO,"Licenza - settimana intera")+COUNTIFS(A_PERS,Partecipanti!$B$9,A_SETT,$A53,A_TIPO,"Attività esterna - settimana intera")>0,0,1) | L53: =IFERROR(INDEX($C46:$C50,MATCH(1,INDEX(($T46:$T50=$C53)*1,0),0)),"") | M53: =IF($L53="",0,IF(INDEX($G53:$K53,MATCH($L53,Partecipanti!$B$5:$B$9,0))=1,1,0)) | N53: =IF($G53=0,100000,IF(Partecipanti!$B$5=$C53,100000,COUNTIF($S$6:$S52,Partecipanti!$B$5)*100+MOD(1-MATCH($C53,Partecipanti!$B$5:$B$9,0)-1,5))) | O53: =IF($H53=0,100000,IF(Partecipanti!$B$6=$C53,100000,COUNTIF($S$6:$S52,Partecipanti!$B$6)*100+MOD(2-MATCH($C53,Partecipanti!$B$5:$B$9,0)-1,5))) | P53: =IF($I53=0,100000,IF(Partecipanti!$B$7=$C53,100000,COUNTIF($S$6:$S52,Partecipanti!$B$7)*100+MOD(3-MATCH($C53,Partecipanti!$B$5:$B$9,0)-1,5))) | Q53: =IF($J53=0,100000,IF(Partecipanti!$B$8=$C53,100000,COUNTIF($S$6:$S52,Partecipanti!$B$8)*100+MOD(4-MATCH($C53,Partecipanti!$B$5:$B$9,0)-1,5))) | R53: =IF($K53=0,100000,IF(Partecipanti!$B$9=$C53,100000,COUNTIF($S$6:$S52,Partecipanti!$B$9)*100+MOD(5-MATCH($C53,Partecipanti!$B$5:$B$9,0)-1,5))) | S53: =IF(OR($E53=0,$M53=1),"",IF(MIN($N53:$R53)>=100000,"DA ASSEGNARE",INDEX(Partecipanti!$B$5:$B$9,MATCH(MIN($N53:$R53),$N53:$R53,0)))) | T53: =IF(AND($F53=1,$S53<>"",$S53<>"DA ASSEGNARE"),$S53,"") | U53: =IF($M53=1,$L53,IF($E53=0,$C53,$S53)) | V53: =IF($M53=1,"Recupero",IF($E53=0,"Ordinario",IF($S53="DA ASSEGNARE","DA ASSEGNARE","Sostituzione (doppio turno)"))) | W53: =IF(OR($M53=1,$E53=1),$C53,"") | X53: =IF($M53=1,$L53&" recupera il turno saltato nella settimana "&($A53-1)&"; "&$C53&" a riposo compensativo",IF($E53=1,$C53&" assente ("&$D53&")"&IF($S53="DA ASSEGNARE","; nessun sostituto disponibile","; sostituisce "&$S53&" con doppio turno")&IF($F53=1,"; turno da recuperare nella settimana "&($A53+1),"; turno non da recuperare"),"")) | Y53: =IF($M53=1,"recupera il turno saltato nella settimana "&($A53-1)&", "&$C53&" a riposo",IF($E53=1,IF($S53="DA ASSEGNARE","turno da assegnare: "&$C53&" assente","in sostituzione di "&$C53&", doppio turno"),""))
A54: 10 | B54: 46359 | C54: =Partecipanti!$B$8 | D54: =IF(COUNTIFS(A_PERS,$C54,A_SETT,$A54,A_TIPO,"Licenza - settimana intera")>0,"Licenza - settimana intera",IF(COUNTIFS(A_PERS,$C54,A_SETT,$A54,A_TIPO,"Attività esterna - settimana intera")>0,"Attività esterna - settimana intera",IF(COUNTIFS(A_PERS,$C54,A_DATA,$B54)>0,INDEX(A_TIPO,MATCH(1,INDEX((A_PERS=$C54)*(A_DATA=$B54),0),0)),""))) | E54: =IF($D54="",0,1) | F54: =IF($E54=0,0,IF(OR($D54="Licenza - settimana intera",$D54="Attività esterna - settimana intera"),0,1)) | G54: =IF(COUNTIFS(A_PERS,Partecipanti!$B$5,A_DATA,$B54)+COUNTIFS(A_PERS,Partecipanti!$B$5,A_SETT,$A54,A_TIPO,"Licenza - settimana intera")+COUNTIFS(A_PERS,Partecipanti!$B$5,A_SETT,$A54,A_TIPO,"Attività esterna - settimana intera")>0,0,1) | H54: =IF(COUNTIFS(A_PERS,Partecipanti!$B$6,A_DATA,$B54)+COUNTIFS(A_PERS,Partecipanti!$B$6,A_SETT,$A54,A_TIPO,"Licenza - settimana intera")+COUNTIFS(A_PERS,Partecipanti!$B$6,A_SETT,$A54,A_TIPO,"Attività esterna - settimana intera")>0,0,1) | I54: =IF(COUNTIFS(A_PERS,Partecipanti!$B$7,A_DATA,$B54)+COUNTIFS(A_PERS,Partecipanti!$B$7,A_SETT,$A54,A_TIPO,"Licenza - settimana intera")+COUNTIFS(A_PERS,Partecipanti!$B$7,A_SETT,$A54,A_TIPO,"Attività esterna - settimana intera")>0,0,1) | J54: =IF(COUNTIFS(A_PERS,Partecipanti!$B$8,A_DATA,$B54)+COUNTIFS(A_PERS,Partecipanti!$B$8,A_SETT,$A54,A_TIPO,"Licenza - settimana intera")+COUNTIFS(A_PERS,Partecipanti!$B$8,A_SETT,$A54,A_TIPO,"Attività esterna - settimana intera")>0,0,1) | K54: =IF(COUNTIFS(A_PERS,Partecipanti!$B$9,A_DATA,$B54)+COUNTIFS(A_PERS,Partecipanti!$B$9,A_SETT,$A54,A_TIPO,"Licenza - settimana intera")+COUNTIFS(A_PERS,Partecipanti!$B$9,A_SETT,$A54,A_TIPO,"Attività esterna - settimana intera")>0,0,1) | L54: =IFERROR(INDEX($C46:$C50,MATCH(1,INDEX(($T46:$T50=$C54)*1,0),0)),"") | M54: =IF($L54="",0,IF(INDEX($G54:$K54,MATCH($L54,Partecipanti!$B$5:$B$9,0))=1,1,0)) | N54: =IF($G54=0,100000,IF(Partecipanti!$B$5=$C54,100000,COUNTIF($S$6:$S53,Partecipanti!$B$5)*100+MOD(1-MATCH($C54,Partecipanti!$B$5:$B$9,0)-1,5))) | O54: =IF($H54=0,100000,IF(Partecipanti!$B$6=$C54,100000,COUNTIF($S$6:$S53,Partecipanti!$B$6)*100+MOD(2-MATCH($C54,Partecipanti!$B$5:$B$9,0)-1,5))) | P54: =IF($I54=0,100000,IF(Partecipanti!$B$7=$C54,100000,COUNTIF($S$6:$S53,Partecipanti!$B$7)*100+MOD(3-MATCH($C54,Partecipanti!$B$5:$B$9,0)-1,5))) | Q54: =IF($J54=0,100000,IF(Partecipanti!$B$8=$C54,100000,COUNTIF($S$6:$S53,Partecipanti!$B$8)*100+MOD(4-MATCH($C54,Partecipanti!$B$5:$B$9,0)-1,5))) | R54: =IF($K54=0,100000,IF(Partecipanti!$B$9=$C54,100000,COUNTIF($S$6:$S53,Partecipanti!$B$9)*100+MOD(5-MATCH($C54,Partecipanti!$B$5:$B$9,0)-1,5))) | S54: =IF(OR($E54=0,$M54=1),"",IF(MIN($N54:$R54)>=100000,"DA ASSEGNARE",INDEX(Partecipanti!$B$5:$B$9,MATCH(MIN($N54:$R54),$N54:$R54,0)))) | T54: =IF(AND($F54=1,$S54<>"",$S54<>"DA ASSEGNARE"),$S54,"") | U54: =IF($M54=1,$L54,IF($E54=0,$C54,$S54)) | V54: =IF($M54=1,"Recupero",IF($E54=0,"Ordinario",IF($S54="DA ASSEGNARE","DA ASSEGNARE","Sostituzione (doppio turno)"))) | W54: =IF(OR($M54=1,$E54=1),$C54,"") | X54: =IF($M54=1,$L54&" recupera il turno saltato nella settimana "&($A54-1)&"; "&$C54&" a riposo compensativo",IF($E54=1,$C54&" assente ("&$D54&")"&IF($S54="DA ASSEGNARE","; nessun sostituto disponibile","; sostituisce "&$S54&" con doppio turno")&IF($F54=1,"; turno da recuperare nella settimana "&($A54+1),"; turno non da recuperare"),"")) | Y54: =IF($M54=1,"recupera il turno saltato nella settimana "&($A54-1)&", "&$C54&" a riposo",IF($E54=1,IF($S54="DA ASSEGNARE","turno da assegnare: "&$C54&" assente","in sostituzione di "&$C54&", doppio turno"),""))
A55: 10 | B55: 46360 | C55: =Partecipanti!$B$9 | D55: =IF(COUNTIFS(A_PERS,$C55,A_SETT,$A55,A_TIPO,"Licenza - settimana intera")>0,"Licenza - settimana intera",IF(COUNTIFS(A_PERS,$C55,A_SETT,$A55,A_TIPO,"Attività esterna - settimana intera")>0,"Attività esterna - settimana intera",IF(COUNTIFS(A_PERS,$C55,A_DATA,$B55)>0,INDEX(A_TIPO,MATCH(1,INDEX((A_PERS=$C55)*(A_DATA=$B55),0),0)),""))) | E55: =IF($D55="",0,1) | F55: =IF($E55=0,0,IF(OR($D55="Licenza - settimana intera",$D55="Attività esterna - settimana intera"),0,1)) | G55: =IF(COUNTIFS(A_PERS,Partecipanti!$B$5,A_DATA,$B55)+COUNTIFS(A_PERS,Partecipanti!$B$5,A_SETT,$A55,A_TIPO,"Licenza - settimana intera")+COUNTIFS(A_PERS,Partecipanti!$B$5,A_SETT,$A55,A_TIPO,"Attività esterna - settimana intera")>0,0,1) | H55: =IF(COUNTIFS(A_PERS,Partecipanti!$B$6,A_DATA,$B55)+COUNTIFS(A_PERS,Partecipanti!$B$6,A_SETT,$A55,A_TIPO,"Licenza - settimana intera")+COUNTIFS(A_PERS,Partecipanti!$B$6,A_SETT,$A55,A_TIPO,"Attività esterna - settimana intera")>0,0,1) | I55: =IF(COUNTIFS(A_PERS,Partecipanti!$B$7,A_DATA,$B55)+COUNTIFS(A_PERS,Partecipanti!$B$7,A_SETT,$A55,A_TIPO,"Licenza - settimana intera")+COUNTIFS(A_PERS,Partecipanti!$B$7,A_SETT,$A55,A_TIPO,"Attività esterna - settimana intera")>0,0,1) | J55: =IF(COUNTIFS(A_PERS,Partecipanti!$B$8,A_DATA,$B55)+COUNTIFS(A_PERS,Partecipanti!$B$8,A_SETT,$A55,A_TIPO,"Licenza - settimana intera")+COUNTIFS(A_PERS,Partecipanti!$B$8,A_SETT,$A55,A_TIPO,"Attività esterna - settimana intera")>0,0,1) | K55: =IF(COUNTIFS(A_PERS,Partecipanti!$B$9,A_DATA,$B55)+COUNTIFS(A_PERS,Partecipanti!$B$9,A_SETT,$A55,A_TIPO,"Licenza - settimana intera")+COUNTIFS(A_PERS,Partecipanti!$B$9,A_SETT,$A55,A_TIPO,"Attività esterna - settimana intera")>0,0,1) | L55: =IFERROR(INDEX($C46:$C50,MATCH(1,INDEX(($T46:$T50=$C55)*1,0),0)),"") | M55: =IF($L55="",0,IF(INDEX($G55:$K55,MATCH($L55,Partecipanti!$B$5:$B$9,0))=1,1,0)) | N55: =IF($G55=0,100000,IF(Partecipanti!$B$5=$C55,100000,COUNTIF($S$6:$S54,Partecipanti!$B$5)*100+MOD(1-MATCH($C55,Partecipanti!$B$5:$B$9,0)-1,5))) | O55: =IF($H55=0,100000,IF(Partecipanti!$B$6=$C55,100000,COUNTIF($S$6:$S54,Partecipanti!$B$6)*100+MOD(2-MATCH($C55,Partecipanti!$B$5:$B$9,0)-1,5))) | P55: =IF($I55=0,100000,IF(Partecipanti!$B$7=$C55,100000,COUNTIF($S$6:$S54,Partecipanti!$B$7)*100+MOD(3-MATCH($C55,Partecipanti!$B$5:$B$9,0)-1,5))) | Q55: =IF($J55=0,100000,IF(Partecipanti!$B$8=$C55,100000,COUNTIF($S$6:$S54,Partecipanti!$B$8)*100+MOD(4-MATCH($C55,Partecipanti!$B$5:$B$9,0)-1,5))) | R55: =IF($K55=0,100000,IF(Partecipanti!$B$9=$C55,100000,COUNTIF($S$6:$S54,Partecipanti!$B$9)*100+MOD(5-MATCH($C55,Partecipanti!$B$5:$B$9,0)-1,5))) | S55: =IF(OR($E55=0,$M55=1),"",IF(MIN($N55:$R55)>=100000,"DA ASSEGNARE",INDEX(Partecipanti!$B$5:$B$9,MATCH(MIN($N55:$R55),$N55:$R55,0)))) | T55: =IF(AND($F55=1,$S55<>"",$S55<>"DA ASSEGNARE"),$S55,"") | U55: =IF($M55=1,$L55,IF($E55=0,$C55,$S55)) | V55: =IF($M55=1,"Recupero",IF($E55=0,"Ordinario",IF($S55="DA ASSEGNARE","DA ASSEGNARE","Sostituzione (doppio turno)"))) | W55: =IF(OR($M55=1,$E55=1),$C55,"") | X55: =IF($M55=1,$L55&" recupera il turno saltato nella settimana "&($A55-1)&"; "&$C55&" a riposo compensativo",IF($E55=1,$C55&" assente ("&$D55&")"&IF($S55="DA ASSEGNARE","; nessun sostituto disponibile","; sostituisce "&$S55&" con doppio turno")&IF($F55=1,"; turno da recuperare nella settimana "&($A55+1),"; turno non da recuperare"),"")) | Y55: =IF($M55=1,"recupera il turno saltato nella settimana "&($A55-1)&", "&$C55&" a riposo",IF($E55=1,IF($S55="DA ASSEGNARE","turno da assegnare: "&$C55&" assente","in sostituzione di "&$C55&", doppio turno"),""))
A56: 11 | B56: 46363 | C56: =Partecipanti!$B$5 | D56: =IF(COUNTIFS(A_PERS,$C56,A_SETT,$A56,A_TIPO,"Licenza - settimana intera")>0,"Licenza - settimana intera",IF(COUNTIFS(A_PERS,$C56,A_SETT,$A56,A_TIPO,"Attività esterna - settimana intera")>0,"Attività esterna - settimana intera",IF(COUNTIFS(A_PERS,$C56,A_DATA,$B56)>0,INDEX(A_TIPO,MATCH(1,INDEX((A_PERS=$C56)*(A_DATA=$B56),0),0)),""))) | E56: =IF($D56="",0,1) | F56: =IF($E56=0,0,IF(OR($D56="Licenza - settimana intera",$D56="Attività esterna - settimana intera"),0,1)) | G56: =IF(COUNTIFS(A_PERS,Partecipanti!$B$5,A_DATA,$B56)+COUNTIFS(A_PERS,Partecipanti!$B$5,A_SETT,$A56,A_TIPO,"Licenza - settimana intera")+COUNTIFS(A_PERS,Partecipanti!$B$5,A_SETT,$A56,A_TIPO,"Attività esterna - settimana intera")>0,0,1) | H56: =IF(COUNTIFS(A_PERS,Partecipanti!$B$6,A_DATA,$B56)+COUNTIFS(A_PERS,Partecipanti!$B$6,A_SETT,$A56,A_TIPO,"Licenza - settimana intera")+COUNTIFS(A_PERS,Partecipanti!$B$6,A_SETT,$A56,A_TIPO,"Attività esterna - settimana intera")>0,0,1) | I56: =IF(COUNTIFS(A_PERS,Partecipanti!$B$7,A_DATA,$B56)+COUNTIFS(A_PERS,Partecipanti!$B$7,A_SETT,$A56,A_TIPO,"Licenza - settimana intera")+COUNTIFS(A_PERS,Partecipanti!$B$7,A_SETT,$A56,A_TIPO,"Attività esterna - settimana intera")>0,0,1) | J56: =IF(COUNTIFS(A_PERS,Partecipanti!$B$8,A_DATA,$B56)+COUNTIFS(A_PERS,Partecipanti!$B$8,A_SETT,$A56,A_TIPO,"Licenza - settimana intera")+COUNTIFS(A_PERS,Partecipanti!$B$8,A_SETT,$A56,A_TIPO,"Attività esterna - settimana intera")>0,0,1) | K56: =IF(COUNTIFS(A_PERS,Partecipanti!$B$9,A_DATA,$B56)+COUNTIFS(A_PERS,Partecipanti!$B$9,A_SETT,$A56,A_TIPO,"Licenza - settimana intera")+COUNTIFS(A_PERS,Partecipanti!$B$9,A_SETT,$A56,A_TIPO,"Attività esterna - settimana intera")>0,0,1) | L56: =IFERROR(INDEX($C51:$C55,MATCH(1,INDEX(($T51:$T55=$C56)*1,0),0)),"") | M56: =IF($L56="",0,IF(INDEX($G56:$K56,MATCH($L56,Partecipanti!$B$5:$B$9,0))=1,1,0)) | N56: =IF($G56=0,100000,IF(Partecipanti!$B$5=$C56,100000,COUNTIF($S$6:$S55,Partecipanti!$B$5)*100+MOD(1-MATCH($C56,Partecipanti!$B$5:$B$9,0)-1,5))) | O56: =IF($H56=0,100000,IF(Partecipanti!$B$6=$C56,100000,COUNTIF($S$6:$S55,Partecipanti!$B$6)*100+MOD(2-MATCH($C56,Partecipanti!$B$5:$B$9,0)-1,5))) | P56: =IF($I56=0,100000,IF(Partecipanti!$B$7=$C56,100000,COUNTIF($S$6:$S55,Partecipanti!$B$7)*100+MOD(3-MATCH($C56,Partecipanti!$B$5:$B$9,0)-1,5))) | Q56: =IF($J56=0,100000,IF(Partecipanti!$B$8=$C56,100000,COUNTIF($S$6:$S55,Partecipanti!$B$8)*100+MOD(4-MATCH($C56,Partecipanti!$B$5:$B$9,0)-1,5))) | R56: =IF($K56=0,100000,IF(Partecipanti!$B$9=$C56,100000,COUNTIF($S$6:$S55,Partecipanti!$B$9)*100+MOD(5-MATCH($C56,Partecipanti!$B$5:$B$9,0)-1,5))) | S56: =IF(OR($E56=0,$M56=1),"",IF(MIN($N56:$R56)>=100000,"DA ASSEGNARE",INDEX(Partecipanti!$B$5:$B$9,MATCH(MIN($N56:$R56),$N56:$R56,0)))) | T56: =IF(AND($F56=1,$S56<>"",$S56<>"DA ASSEGNARE"),$S56,"") | U56: =IF($M56=1,$L56,IF($E56=0,$C56,$S56)) | V56: =IF($M56=1,"Recupero",IF($E56=0,"Ordinario",IF($S56="DA ASSEGNARE","DA ASSEGNARE","Sostituzione (doppio turno)"))) | W56: =IF(OR($M56=1,$E56=1),$C56,"") | X56: =IF($M56=1,$L56&" recupera il turno saltato nella settimana "&($A56-1)&"; "&$C56&" a riposo compensativo",IF($E56=1,$C56&" assente ("&$D56&")"&IF($S56="DA ASSEGNARE","; nessun sostituto disponibile","; sostituisce "&$S56&" con doppio turno")&IF($F56=1,"; turno da recuperare nella settimana "&($A56+1),"; turno non da recuperare"),"")) | Y56: =IF($M56=1,"recupera il turno saltato nella settimana "&($A56-1)&", "&$C56&" a riposo",IF($E56=1,IF($S56="DA ASSEGNARE","turno da assegnare: "&$C56&" assente","in sostituzione di "&$C56&", doppio turno"),""))
